Workbook
Name PP: o!$O$4:$O$63

Sheet נתונים גולמיים שאלון התנהגות
P1: =COLUMN(A2) -> 1 | Q1: =COLUMN(B2) -> 2 | R1: =COLUMN(C2) -> 3 | S1: =COLUMN(D2) -> 4 | T1: =COLUMN(E2) -> 5 | U1: =COLUMN(F2) -> 6 | V1: =COLUMN(G2) -> 7 | W1: =COLUMN(H2) -> 8 | ... BW1: =COLUMN(BH2) -> 60
A2: What is your Prolific ID? Please note that this response should auto-fill with the correct ID | C2: Start Date | D2: End Date | E2: IP Address | F2: Progress | G2: Duration (in seconds) | H2: Finished | I2: Recorded Date | J2: Response ID | K2: Location Latitude | L2: Location Longitude | M2: Distribution Channel | N2: Imagine you were in a social gathering with your childhood friends. Write a hypothetical social media post about this event. | O2: Your significant other is having a birthday. Write them a social media post that congratulates them. | P2: I accept people the way they are. | Q2: I believe in the importance of art. | R2: My moods change easily. | S2: I take care of other people before taking care of myself. | T2: I am always prepared. | U2: I have a vivid imagination. | V2: I feel comfortable around people. | W2: I often feel blue. | X2: I am the life of the party. | Y2: I treat everyone with kindness and sympathy. | Z2: I get chores done right away. | AA2: I have a kind word for everyone. | AB2: I am skilled in handling social situations. | AC2: I often feel anxious about what could go wrong. | AD2: I start arguments just for the fun of it. | AE2: I often worry that I am not good enough. | AF2: I find it difficult to get to work. | AG2: I stay in the background. | AH2: There are many things that I do not like about myself. | AI2: I seldom feel blue. | AJ2: I do not like art. | AK2: I stop what I am doing to help other people. | AL2: I change my plans frequently. | AM2: I am often troubled by negative thoughts. | AN2: I feel comfortable with myself. | AO2: I avoid philosophical discussions. | AP2: Original | AQ2: Systematic | AR2: Shy | AS2: Soft-Hearted | AT2: Tense | AU2: Inquisitive | AV2: Forgetful | AW2: Reserved | AX2: Agreeable | AY2: Nervous | AZ2: Creative | BA2: Self-Disciplined | BB2: Outgoing | BC2: Charitable | BD2: Moody | BE2: Imaginative | BF2: Organized | BG2: Talkative | BH2: Humble | BI2: Pessimistic | BJ2: I have a lot to say. | BK2: I enjoy going to art museums. | BL2: I always make good use of my time. | BM2: I am interested in the meaning of things. | BN2: I avoid taking on a lot of responsibility. | BO2: I don't like to draw attention to myself. | BP2: I feel I am better than other people. | BQ2: I make friends easily. | BR2: I make plans and stick to them. | BS2: I am not interested in abstract ideas. | BT2: I criticize other people. | BU2: I don't talk a lot. | BV2: I enjoy hearing new ideas. | BW2: It’s important to me that people are on time. | BX2: PROLIFIC_PID | BY2: Create New Field or Choose From Dropdown... | BZ2: Q2.3 - Actionability | CA2: Q2.3 - Effort | CB2: Q2.3 - Effort Numeric | CC2: Q2.3 - Emotion Intensity | CD2: Q2.3 - Emotion | CE2: Q2.3 - Parent Topics | CF2: Q2.3 - Sentiment Polarity | CG2: Q2.3 - Sentiment Score | CH2: Q2.3 - Sentiment | CI2: Q2.3 - Topic Sentiment Label | CJ2: Q2.3 - Topic Sentiment Score | CK2: Q2.3 - Topics | CL2: Q_AmbiguousTextPresent | CM2: Q_AmbiguousTextQuestions | CN2: Q2.3 - Topic Hierarchy Level 1
A3: 66f4147ffea1a6689de3a7ac | B3: ="p"&ROW(A1) -> p1 | C3: 45574.861 | D3: 45574.87 | E3: 185.100.169.179 | F3: 100 | G3: 754 | H3: True | I3: 45574.87 | J3: R_2XrDc7sxdHaRNmx | K3: 51.5074 | L3: -0.1196 | M3: anonymous | N3: Hey guys!!! guess who we have here today??? My childhood friends came over. Oh my God, i have really missed them, i saw them last about 8 years ago but we've always been in communication. I'm so happy to see them and i can't wait to update you guys on the plans we have to catch up. Stay tuned! | O3: Happy birthday to the love of my life. I can't imagine what my life could have been without you, you brought colors into my life. On this big day of yours, i wish you heavens choicest blessings and i pray all your hear desires are granted. I love you so much and i hope i make you happy as much as you make me | P3: 4 | Q3: 5 | R3: 5 | S3: 2 | T3: 4 | U3: 4 | V3: 2 | W3: 3 | X3: 2 | Y3: 4 | Z3: 3 | AA3: 4 | AB3: 3 | AC3: 5 | AD3: 2 | AE3: 3 | AF3: 2 | AG3: 4 | AH3: 3 | AI3: 1 | AJ3: 1 | AK3: 3 | AL3: 3 | AM3: 4 | AN3: 4 | AO3: 3 | AP3: 3 | AQ3: 3 | AR3: 5 | AS3: 5 | AT3: 5 | AU3: 4 | AV3: 4 | AW3: 5 | AX3: 4 | AY3: 5 | AZ3: 4 | BA3: 5 | BB3: 2 | BC3: 5 | BD3: 4 | BE3: 4 | BF3: 5 | BG3: 2 | BH3: 5 | BI3: 3 | BJ3: 3 | BK3: 5 | BL3: 4 | BM3: 5 | BN3: 3 | BO3: 3 | BP3: 2 | BQ3: 5 | BR3: 5 | BS3: 1 | BT3: 1 | BU3: 1 | BV3: 5 | BW3: 5 | BX3: 66f4147ffea1a6689de3a7ac | BZ3: other | CA3: Neutral | CB3: 0 | CC3: High | CD3: Mixed | CF3: 0 | CG3: 2 | CH3: Very Positive | CK3: Unknown | CL3: 1 | CM3: QID84
A4: 5dc5ab2bd9873541c1569918 | B4: ="p"&ROW(A2) -> p2 | C4: 45574.861 | D4: 45574.872 | E4: 82.132.228.139 | F4: 100 | G4: 961 | H4: True | I4: 45574.872 | J4: R_2aaGfg9BUytDOPV | K4: 51.4897 | L4: -0.1063 | M4: anonymous | N4: Wow. Having a great time catching up with old childhood friends after over 50 years! We haven't changed a bit 😉😂. Other than having several marriages, 18 children and 7 grandchildren between us. Life has definitely been a journey and pretty good to all of us 🥰. Lets not leave it another 50 years to catch up ❤❤ | O4: Happy Birthday to this amazing man who I'm so proud to call my husband and father of my chidren. Hope you have an absolutely brilliant day and so glad i get to share it with you. You're definitely like a fine wine and get better and better with each passing year. All my love forever and always ❤ | P4: 4 | Q4: 5 | R4: 5 | S4: 5 | T4: 1 | U4: 5 | V4: 3 | W4: 4 | X4: 3 | Y4: 4 | Z4: 2 | AA4: 4 | AB4: 4 | AC4: 4 | AD4: 1 | AE4: 5 | AF4: 3 | AG4: 3 | AH4: 4 | AI4: 1 | AJ4: 1 | AK4: 4 | AL4: 5 | AM4: 4 | AN4: 2 | AO4: 1 | AP4: 3 | AQ4: 4 | AR4: 2 | AS4: 5 | AT4: 4 | AU4: 5 | AV4: 5 | AW4: 3 | AX4: 4 | AY4: 3 | AZ4: 4 | BA4: 2 | BB4: 3 | BC4: 3 | BD4: 4 | BE4: 5 | BF4: 2 | BG4: 4 | BH4: 4 | BI4: 2 | BJ4: 4 | BK4: 4 | BL4: 2 | BM4: 5 | BN4: 2 | BO4: 3 | BP4: 1 | BQ4: 3 | BR4: 1 | BS4: 1 | BT4: 1 | BU4: 2 | BV4: 5 | BW4: 3 | BX4: 5dc5ab2bd9873541c1569918 | BZ4: other | CA4: Easy | CB4: 1 | CC4: High | CD4: Love,Trust,Joy | CF4: 0 | CG4: 2 | CH4: Very Positive | CK4: Unknown | CL4: 1 | CM4: QID84
A5: 6139bb7008f1e7f556c8b7d2 | B5: ="p"&ROW(A3) -> p3 | C5: 45574.861 | D5: 45574.873 | E5: 176.26.166.121 | F5: 100 | G5: 1040 | H5: True | I5: 45574.873 | J5: R_2ANjwvD8lOgoDlN | K5: 52.9029 | L5: -1.5046 | M5: anonymous | N5: An unforgettable day with childhood friends! A magical day reminicising together and catching up after so long. Doesn’t matter how long it’s been we all slot back together like no time has passed at all. Watching our kids play together and seeing the cycles of life begin all over again is so emotional. Love you all xx #westhillgang #pyegreenmassive #childhood #friends | O5: Happy Birthday to my best friend, the best husband and dad in the world! I’ve celebrated 13 of your birthdays with you and every day in between and for all the chats and hugs, the love, the tough times, it is never ever enough. I look forward to seeing you every morning, I can’t wait to see you after work every day. The love of my life, I am so in love with you. Happy Birthday, my love xxx | P5: 4 | Q5: 5 | R5: 2 | S5: 5 | T5: 3 | U5: 2 | V5: 1 | W5: 5 | X5: 1 | Y5: 4 | Z5: 4 | AA5: 3 | AB5: 1 | AC5: 5 | AD5: 1 | AE5: 5 | AF5: 4 | AG5: 4 | AH5: 5 | AI5: 1 | AJ5: 1 | AK5: 5 | AL5: 2 | AM5: 5 | AN5: 1 | AO5: 1 | AP5: 3 | AQ5: 3 | AR5: 4 | AS5: 5 | AT5: 5 | AU5: 4 | AV5: 2 | AW5: 4 | AX5: 3 | AY5: 5 | AZ5: 4 | BA5: 1 | BB5: 1 | BC5: 5 | BD5: 2 | BE5: 4 | BF5: 5 | BG5: 3 | BH5: 4 | BI5: 2 | BJ5: 4 | BK5: 5 | BL5: 2 | BM5: 4 | BN5: 2 | BO5: 5 | BP5: 2 | BQ5: 1 | BR5: 3 | BS5: 2 | BT5: 3 | BU5: 5 | BV5: 3 | BW5: 2 | BX5: 6139bb7008f1e7f556c8b7d2 | BZ5: other | CA5: Neutral | CB5: 0 | CC5: High | CD5: Joy,Love | CF5: 0 | CG5: 2 | CH5: Very Positive | CK5: Unknown | CL5: 1 | CM5: QID84
A6: 62df57db36c1085c48f8d86c | B6: ="p"&ROW(A4) -> p4 | C6: 45574.862 | D6: 45574.869 | E6: 212.233.148.243 | F6: 100 | G6: 624 | H6: True | I6: 45574.869 | J6: R_8gbyTr0pUTngfFm | K6: 43.4126 | L6: 24.6089 | M6: anonymous | N6: time flies by, I cant believe its been so long since we all met, had so much fun seeing you all again and catching up. I remember when we used to go out on our bikes for hours now we all have our own house's. its crazy. we should make this an annual thing every year. none of you have changed! | O6: Happpy Birthdayyyy. I hope your day is filled with all the things you love and your favorite people. This last year has been amazing and i cant wait to celebrate every birthday with you, even when we are old we'll still have each others company. Love you and cant wait to celebrate this day with you. | P6: 3 | Q6: 4 | R6: 4 | S6: 1 | T6: 1 | U6: 5 | V6: 3 | W6: 3 | X6: 3 | Y6: 4 | Z6: 1 | AA6: 1 | AB6: 2 | AC6: 5 | AD6: 1 | AE6: 4 | AF6: 2 | AG6: 3 | AH6: 5 | AI6: 3 | AJ6: 1 | AK6: 2 | AL6: 4 | AM6: 4 | AN6: 3 | AO6: 1 | AP6: 3 | AQ6: 4 | AR6: 4 | AS6: 3 | AT6: 4 | AU6: 5 | AV6: 3 | AW6: 3 | AX6: 4 | AY6: 4 | AZ6: 4 | BA6: 1 | BB6: 3 | BC6: 1 | BD6: 3 | BE6: 5 | BF6: 1 | BG6: 3 | BH6: 2 | BI6: 1 | BJ6: 3 | BK6: 1 | BL6: 1 | BM6: 4 | BN6: 3 | BO6: 5 | BP6: 1 | BQ6: 3 | BR6: 1 | BS6: 1 | BT6: 2 | BU6: 2 | BV6: 5 | BW6: 2 | BX6: 62df57db36c1085c48f8d86c | BZ6: other | CA6: Neutral | CB6: 0 | CC6: High | CD6: Love | CF6: 0 | CG6: 2 | CH6: Very Positive | CK6: Unknown | CL6: 1 | CM6: QID84
A7: 5de401d34c451d000a669419 | B7: ="p"&ROW(A5) -> p5 | C7: 45574.862 | D7: 45574.869 | E7: 131.227.165.164 | F7: 100 | G7: 628 | H7: True | I7: 45574.869 | J7: R_2FwvrUqmtPGBfia | K7: 51.025 | L7: -0.2978 | M7: anonymous | N7: Day 1s! We finally met up after so long - It was so lovely to catch up with all of you. It has been way too long since we last saw each other, and it really good to hear that you're all doing well. So much has changed since we used to see each other daily, but somehow it feels like no time has passed when we got back togehter Let me know when you're all back in town - we can hang out again. | O7: Happy birthday!! I hope you had an amazing day with friends and family - and thank you for letting me share it with you. I'm so proud of all you've achieved this past year. It has been full of many great times and I'm sure the next year will be full of lots of new opportunities. I look forward to spending the next year with you See you later today! | P7: 5 | Q7: 5 | R7: 4 | S7: 4 | T7: 2 | U7: 5 | V7: 2 | W7: 4 | X7: 2 | Y7: 4 | Z7: 1 | AA7: 3 | AB7: 2 | AC7: 4 | AD7: 1 | AE7: 5 | AF7: 5 | AG7: 2 | AH7: 4 | AI7: 1 | AJ7: 1 | AK7: 4 | AL7: 4 | AM7: 4 | AN7: 3 | AO7: 1 | AP7: 3 | AQ7: 2 | AR7: 4 | AS7: 4 | AT7: 5 | AU7: 4 | AV7: 4 | AW7: 2 | AX7: 4 | AY7: 5 | AZ7: 5 | BA7: 2 | BB7: 2 | BC7: 3 | BD7: 4 | BE7: 5 | BF7: 1 | BG7: 3 | BH7: 3 | BI7: 3 | BJ7: 4 | BK7: 5 | BL7: 2 | BM7: 5 | BN7: 2 | BO7: 3 | BP7: 3 | BQ7: 2 | BR7: 4 | BS7: 1 | BT7: 3 | BU7: 1 | BV7: 5 | BW7: 2 | BX7: 5de401d34c451d000a669419 | BZ7: other | CA7: Neutral | CB7: 0 | CC7: High | CD7: Love | CF7: 0 | CG7: 2 | CH7: Very Positive | CK7: Unknown | CL7: 1 | CM7: QID84
A8: 577e3a5025cb71000128727e | B8: ="p"&ROW(A6) -> p6 | C8: 45574.862 | D8: 45574.87 | E8: 86.174.176.63 | F8: 100 | G8: 718 | H8: True | I8: 45574.87 | J8: R_2EZrcIuHvrRO1G9 | K8: 56.3799 | L8: -3.8194 | M8: anonymous | N8: went to a great birthday party today at the drummond park animal experience centre with ash, jen, jodie jake, alex and all the rest of the crew. loved watching the monkeys antics. the lion cubs were so cute. alex ate too much cake and looked alittle green jake punched him in the stomach to sicee if he could make him sick .. | O8: wow! another landmark birthday. we are all so looking forward to your birthday bash at Fisher's restaurant. can't believe you've come this far despite all the hoops you've had to jump through in the past few years, what an achievement well done you. I know you said no presents but well suspect there may still be one or two surprises | P8: 4 | Q8: 4 | R8: 2 | S8: 3 | T8: 3 | U8: 4 | V8: 2 | W8: 2 | X8: 1 | Y8: 3 | Z8: 3 | AA8: 3 | AB8: 2 | AC8: 2 | AD8: 2 | AE8: 3 | AF8: 3 | AG8: 3 | AH8: 4 | AI8: 4 | AJ8: 2 | AK8: 4 | AL8: 4 | AM8: 3 | AN8: 3 | AO8: 3 | AP8: 4 | AQ8: 3 | AR8: 4 | AS8: 2 | AT8: 2 | AU8: 4 | AV8: 2 | AW8: 4 | AX8: 4 | AY8: 3 | AZ8: 4 | BA8: 2 | BB8: 2 | BC8: 4 | BD8: 1 | BE8: 4 | BF8: 3 | BG8: 3 | BH8: 3 | BI8: 1 | BJ8: 3 | BK8: 4 | BL8: 3 | BM8: 4 | BN8: 3 | BO8: 2 | BP8: 3 | BQ8: 4 | BR8: 3 | BS8: 2 | BT8: 3 | BU8: 3 | BV8: 4 | BW8: 3 | BX8: 577e3a5025cb71000128727e | BZ8: other | CA8: Neutral | CB8: 0 | CC8: Medium | CD8: Mixed | CF8: 0 | CG8: 0 | CH8: Mixed | CK8: Unknown | CL8: 1 | CM8: QID84
A9: 6136001fcd0e07e6f5f66bc1 | B9: ="p"&ROW(A7) -> p7 | C9: 45574.862 | D9: 45574.868 | E9: 86.138.71.199 | F9: 100 | G9: 543 | H9: True | I9: 45574.868 | J9: R_246V0WrsskF7Xwd | K9: 51.6011 | L9: -3.2744 | M9: anonymous | N9: We spent the evening around my house, me and my 4 friends. We love spending time together and chilling out. Once they came here we spent the evening wining and dining. I must stay i think i out done myself with the cooking autumn soup with homemade bread for starters, steak and sides for main and sticky toffee pudding for dessert. Alongside we drank many bottes of wine and had many shots. Feeling it today haha! | O9: Happy birthday, hope you have the best day ever XX I cherish all our memories together and enjoyed our 6 year relationship every day is a blessing spending it with you. Love you forever and always xx Your the most and gentle person ever and make me the happiest girl alive. The love you give me is the best | P9: 3 | Q9: 2 | R9: 4 | S9: 3 | T9: 4 | U9: 4 | V9: 4 | W9: 3 | X9: 2 | Y9: 3 | Z9: 3 | AA9: 2 | AB9: 2 | AC9: 4 | AD9: 2 | AE9: 3 | AF9: 2 | AG9: 3 | AH9: 3 | AI9: 3 | AJ9: 2 | AK9: 3 | AL9: 3 | AM9: 2 | AN9: 3 | AO9: 2 | AP9: 2 | AQ9: 2 | AR9: 2 | AS9: 3 | AT9: 3 | AU9: 2 | AV9: 3 | AW9: 3 | AX9: 2 | AY9: 3 | AZ9: 2 | BA9: 3 | BB9: 3 | BC9: 3 | BD9: 3 | BE9: 3 | BF9: 3 | BG9: 3 | BH9: 2 | BI9: 2 | BJ9: 3 | BK9: 2 | BL9: 3 | BM9: 3 | BN9: 2 | BO9: 3 | BP9: 3 | BQ9: 3 | BR9: 3 | BS9: 4 | BT9: 3 | BU9: 1 | BV9: 3 | BW9: 4 | BX9: 6136001fcd0e07e6f5f66bc1 | BZ9: other | CA9: Neutral | CB9: 0 | CC9: High | CD9: Love | CF9: 0 | CG9: 2 | CH9: Very Positive | CK9: Unknown | CL9: 1 | CM9: QID84
A10: 6658c5cc20f33b713aa2592d | B10: ="p"&ROW(A8) -> p8 | C10: 45574.862 | D10: 45574.868 | E10: 83.105.255.162 | F10: 100 | G10: 552 | H10: True | I10: 45574.868 | J10: R_8oupQGgEZbRq82D | K10: 53.7981 | L10: -1.7623 | M10: anonymous | N10: Lovely to catch up with some old friends and reminisce on childhood memories! It's crazy to see how much everybody has grown and achieved in life and where their paths have taken them. I love days like these, hope to catch up with you all again sometime soon and make more brilliant memories ❤️ | O10: To the love of my life, I hope you have the best day and make the best memories! Thank you for making the world a happier place and staying by my side. I'd be lost without you, don't ever change! I love you with all of my heart, always ❤️ happy birthday my love, here is to many more together xxx | P10: 4 | Q10: 3 | R10: 4 | S10: 4 | T10: 2 | U10: 3 | V10: 2 | W10: 4 | X10: 2 | Y10: 4 | Z10: 2 | AA10: 4 | AB10: 2 | AC10: 5 | AD10: 1 | AE10: 5 | AF10: 3 | AG10: 4 | AH10: 5 | AI10: 2 | AJ10: 4 | AK10: 4 | AL10: 4 | AM10: 5 | AN10: 2 | AO10: 3 | AP10: 3 | AQ10: 3 | AR10: 4 | AS10: 4 | AT10: 4 | AU10: 4 | AV10: 4 | AW10: 4 | AX10: 3 | AY10: 4 | AZ10: 2 | BA10: 3 | BB10: 4 | BC10: 4 | BD10: 3 | BE10: 2 | BF10: 2 | BG10: 3 | BH10: 3 | BI10: 3 | BJ10: 3 | BK10: 2 | BL10: 2 | BM10: 4 | BN10: 4 | BO10: 4 | BP10: 1 | BQ10: 2 | BR10: 2 | BS10: 3 | BT10: 2 | BU10: 3 | BV10: 3 | BW10: 3 | BX10: 6658c5cc20f33b713aa2592d | BZ10: other | CA10: Neutral | CB10: 0 | CC10: High | CD10: Love,Joy | CF10: 0 | CG10: 2 | CH10: Very Positive | CK10: Unknown | CL10: 1 | CM10: QID84
A11: 667ac1826ce22f03fab354c3 | B11: ="p"&ROW(A9) -> p9 | C11: 45574.862 | D11: 45574.874 | E11: 91.124.134.74 | F11: 100 | G11: 1024 | H11: True | I11: 45574.874 | J11: R_7QM2JKoB9kuvsjX | K11: 37.751 | L11: -97.822 | M11: anonymous | N11: Had the best time ca tching up with my chilidhood friends last night! It’s amazing how, despite t he years, we fall riight back into those silly jokes and shared memories. From playing games in the backyard to reminis cing about our wild adventures, it was a great reminder of the b onds that shaped us | O11: Happy Birtihday to the love of my life! i’m so grateful for every moment we share together. You bring so mucih joy and laughter into my world. I can’t wait to celebrate you today and make more amazinng memories! Here’s to another year of love, adventure, and all your dreams coming true. You deserve the best! | P11: 5 | Q11: 5 | R11: 4 | S11: 5 | T11: 5 | U11: 5 | V11: 4 | W11: 1 | X11: 5 | Y11: 5 | Z11: 4 | AA11: 5 | AB11: 5 | AC11: 5 | AD11: 1 | AE11: 1 | AF11: 1 | AG11: 5 | AH11: 1 | AI11: 1 | AJ11: 1 | AK11: 5 | AL11: 3 | AM11: 1 | AN11: 4 | AO11: 4 | AP11: 5 | AQ11: 4 | AR11: 1 | AS11: 5 | AT11: 5 | AU11: 2 | AV11: 5 | AW11: 5 | AX11: 4 | AY11: 1 | AZ11: 5 | BA11: 5 | BB11: 4 | BC11: 5 | BD11: 1 | BE11: 5 | BF11: 5 | BG11: 1 | BH11: 5 | BI11: 1 | BJ11: 5 | BK11: 4 | BL11: 5 | BM11: 5 | BN11: 5 | BO11: 1 | BP11: 5 | BQ11: 5 | BR11: 4 | BS11: 1 | BT11: 5 | BU11: 1 | BV11: 5 | BW11: 5 | BX11: 667ac1826ce22f03fab354c3 | BZ11: other | CA11: Neutral | CB11: 0 | CC11: High | CD11: Love,Thankfulness | CF11: 0 | CG11: 2 | CH11: Very Positive | CK11: Unknown | CL11: 1 | CM11: QID84
A12: 6416533bd4ee6639c3df6040 | B12: ="p"&ROW(A10) -> p10 | C12: 45574.862 | D12: 45574.87 | E12: 5.151.156.70 | F12: 100 | G12: 690 | H12: True | I12: 45574.87 | J12: R_2QyiNkRK3qqULav | K12: 51.4032 | L12: -0.9207 | M12: anonymous | N12: Just got back from a reunion with some friends from back home! These guys always had my back, except when it comes to telling me I'm any good at bowling or mini golf :0 Then again, the drinks probably messed my aim up a litttle bit. Hope to see you guys soon!! Keep it real @xComedyCheesex @Crazygamer05 @7evenup | O12: To this beautiful girl who was a stranger up until 10 months ago, happy birthday my love, I hope that we can spend many more together! P.S. Don't tell anyone I forgot the cake and had to ask you to bake us another one to save myself from the embarassment. Love you lots! Have the best birthday ever &lt;3 | P12: 5 | Q12: 5 | R12: 4 | S12: 4 | T12: 3 | U12: 4 | V12: 5 | W12: 4 | X12: 4 | Y12: 4 | Z12: 2 | AA12: 3 | AB12: 4 | AC12: 3 | AD12: 1 | AE12: 4 | AF12: 3 | AG12: 1 | AH12: 2 | AI12: 2 | AJ12: 1 | AK12: 2 | AL12: 3 | AM12: 2 | AN12: 3 | AO12: 1 | AP12: 5 | AQ12: 4 | AR12: 1 | AS12: 3 | AT12: 2 | AU12: 4 | AV12: 4 | AW12: 4 | AX12: 4 | AY12: 2 | AZ12: 5 | BA12: 3 | BB12: 5 | BC12: 2 | BD12: 2 | BE12: 5 | BF12: 4 | BG12: 4 | BH12: 4 | BI12: 2 | BJ12: 4 | BK12: 4 | BL12: 2 | BM12: 5 | BN12: 2 | BO12: 1 | BP12: 3 | BQ12: 3 | BR12: 3 | BS12: 1 | BT12: 3 | BU12: 2 | BV12: 5 | BW12: 4 | BX12: 6416533bd4ee6639c3df6040 | BZ12: other | CA12: Hard | CB12: -1 | CC12: High | CD12: Mixed | CF12: 0 | CG12: 2 | CH12: Very Positive | CK12: Unknown | CL12: 1 | CM12: QID84
A13: 5966f6c744b2d20001defeec | B13: ="p"&ROW(A11) -> p11 | C13: 45574.862 | D13: 45574.867 | E13: 86.12.79.252 | F13: 100 | G13: 444 | H13: True | I13: 45574.867 | J13: R_2hDvhnUkmz4tRoU | K13: 51.8659 | L13: -2.2059 | M13: anonymous | N13: Such a great night with this incredible bunch, but I'm feeling it this morning! Everyone needs those friends who know you so well, who'll see you through anything and everything. And no matter how old we get are still up for a good girls night out, even if it now takes us two days to recover! Night at Sixways is always the best, love this place, and Love you all 😘😘 | O13: It's official, he's getting older! Happy birthday to my gorgeous husband, another year old and not any wiser! The kindest, funniest soul I will ever meet, and the most amazing dog Dad you could ever find. Looking forward to spoiling you rotten today - and maybe a few surprises this weekend! Happy birthday favourite human xoxo | P13: 5 | Q13: 4 | R13: 3 | S13: 5 | T13: 4 | U13: 4 | V13: 5 | W13: 2 | X13: 4 | Y13: 4 | Z13: 3 | AA13: 4 | AB13: 5 | AC13: 2 | AD13: 1 | AE13: 4 | AF13: 2 | AG13: 1 | AH13: 4 | AI13: 4 | AJ13: 1 | AK13: 4 | AL13: 2 | AM13: 2 | AN13: 4 | AO13: 1 | AP13: 4 | AQ13: 3 | AR13: 2 | AS13: 4 | AT13: 2 | AU13: 5 | AV13: 3 | AW13: 1 | AX13: 4 | AY13: 1 | AZ13: 3 | BA13: 4 | BB13: 5 | BC13: 4 | BD13: 1 | BE13: 4 | BF13: 4 | BG13: 5 | BH13: 3 | BI13: 2 | BJ13: 5 | BK13: 5 | BL13: 4 | BM13: 5 | BN13: 2 | BO13: 1 | BP13: 3 | BQ13: 5 | BR13: 4 | BS13: 1 | BT13: 1 | BU13: 1 | BV13: 4 | BW13: 3 | BX13: 5966f6c744b2d20001defeec | BZ13: other | CA13: Neutral | CB13: 0 | CC13: High | CD13: Mixed | CF13: 0 | CG13: 2 | CH13: Very Positive | CK13: Unknown | CL13: 1 | CM13: QID84
A14: 66c46c4e8a82f52621c06c4f | B14: ="p"&ROW(A12) -> p12 | C14: 45574.862 | D14: 45574.869 | E14: 92.18.162.175 | F14: 100 | G14: 643 | H14: True | I14: 45574.869 | J14: R_2QEFierITmTW23L | K14: 54.9001 | L14: -1.4211 | M14: anonymous | N14: having a brill time at the reunion, saw lots of faces i've not seen in a longggggg time. we mustn't leave it so long next time. just waiting for the karaoke to begin so i can impress everyone with a bit of Enrique ! I hope everyone doesn't leave the room when I start singing otherwise i'll never dare pick up a microphone ever again. Talking about old times at school was a blast....rekindled many good memories. | O14: Happy Birthday to Khaleesy ! Hope you liked the flowers babe, I'll see you when I get home ....expect the princess treatment !!! love you xxxxx You always say that my messages on here are too short so i'm making an effort to write you a longgggggggggggggggggg one this time hahaha happy birthday to you, happy birthday to you, happy birthday Khaleesy, Happy Birthday too youuuuuuuuuuuuuu....uuuuuuuu xxxxx | P14: 4 | Q14: 4 | R14: 2 | S14: 4 | T14: 4 | U14: 5 | V14: 4 | W14: 3 | X14: 4 | Y14: 4 | Z14: 3 | AA14: 3 | AB14: 4 | AC14: 3 | AD14: 1 | AE14: 3 | AF14: 3 | AG14: 3 | AH14: 3 | AI14: 2 | AJ14: 2 | AK14: 4 | AL14: 3 | AM14: 3 | AN14: 3 | AO14: 3 | AP14: 3 | AQ14: 3 | AR14: 1 | AS14: 4 | AT14: 3 | AU14: 4 | AV14: 3 | AW14: 2 | AX14: 4 | AY14: 3 | AZ14: 4 | BA14: 4 | BB14: 4 | BC14: 4 | BD14: 2 | BE14: 4 | BF14: 4 | BG14: 4 | BH14: 3 | BI14: 3 | BJ14: 4 | BK14: 4 | BL14: 3 | BM14: 4 | BN14: 3 | BO14: 4 | BP14: 2 | BQ14: 4 | BR14: 3 | BS14: 3 | BT14: 2 | BU14: 3 | BV14: 4 | BW14: 3 | BX14: 66c46c4e8a82f52621c06c4f | BZ14: other | CA14: Neutral | CB14: 0 | CC14: High | CD14: Love | CF14: 0 | CG14: 2 | CH14: Very Positive | CK14: Unknown | CL14: 1 | CM14: QID80,QID84
... A90: 665abb661d3f242a05ffb7ed | B90: ="p"&ROW(A88) -> p88 | C90: 45940.706 | D90: 45940.712 | E90: 163.120.92.137 | F90: 100 | G90: 494 | H90: True | I90: 45940.712 | J90: R_8nux4aP0Edj3FvK | K90: 51.5081 | L90: -0.1278 | M90: anonymous | N90: I attended a get together tonight where several of my childhood friends were there. It felt kind of weird as I never kept in touch with anyone after school (well except for one friend as we ended up working at the same place for a few months many years ago). I'm not sure why I went though as I much prefer being at home. | O90: Happy birthday to the love of my life. Let's have a fantastic few days away together to celebrate your birthday. It will be a lot of fun and a great chance to unwind as well. I hope you enjoy every bit of it and hope you get lots of wonderful gifts as well. It is always the best to see you smile. | P90: 4 | Q90: 3 | R90: 5 | S90: 5 | T90: 4 | U90: 5 | V90: 3 | W90: 4 | X90: 3 | Y90: 4 | Z90: 1 | AA90: 3 | AB90: 3 | AC90: 5 | AD90: 1 | AE90: 5 | AF90: 3 | AG90: 3 | AH90: 5 | AI90: 2 | AJ90: 2 | AK90: 3 | AL90: 2 | AM90: 5 | AN90: 2 | AO90: 3 | AP90: 5 | AQ90: 3 | AR90: 3 | AS90: 3 | AT90: 4 | AU90: 5 | AV90: 3 | AW90: 3 | AX90: 3 | AY90: 4 | AZ90: 3 | BA90: 2 | BB90: 2 | BC90: 2 | BD90: 2 | BE90: 3 | BF90: 4 | BG90: 3 | BH90: 5 | BI90: 3 | BJ90: 3 | BK90: 3 | BL90: 4 | BM90: 4 | BN90: 3 | BO90: 4 | BP90: 3 | BQ90: 3 | BR90: 5 | BS90: 3 | BT90: 3 | BU90: 3 | BV90: 3 | BW90: 5 | BX90: 665abb661d3f242a05ffb7ed | BZ90: other | CA90: Neutral | CB90: 0 | CC90: High | CD90: Love | CF90: 0 | CG90: 2 | CH90: Very Positive | CK90: Unknown | CL90: 1 | CM90: QID84
A91: 675ce427f72ea526d6083376 | B91: ="p"&ROW(A89) -> p89 | C91: 45940.706 | D91: 45940.72 | E91: 149.52.123.24 | F91: 100 | G91: 1169 | H91: True | I91: 45940.72 | J91: R_7Sf1JD8CHjeKZjP | K91: 37.751 | L91: -97.822 | M91: anonymous | N91: What a nolstalgic moment with childhood friends! We shared laughter, old school stories, silly games and the silly jokes we made back then. Talk of the punishments we received from parents and teachers back then, waah! We dint even realize the passage of time. I am grateful to have friends that have stood the test of time #Good friends with great vibes | O91: On this very special day, I cant hide my joy in celebrating my personal person who is the apple of my eyes. She is not only beautiful and elegant on the outside, but comes as a package with a warm, kind and loving heart. I thank the universe for making out paths cross that I got to meet her. She is an amazing person that I would love to spend my whole life with. I wish you my dear one a memorable day and good joyful days full of happiness all your days. Happy plus one birthday, to many more. | P91: 4 | Q91: 4 | R91: 1 | S91: 4 | T91: 3 | U91: 5 | V91: 4 | W91: 2 | X91: 3 | Y91: 4 | Z91: 5 | AA91: 4 | AB91: 3 | AC91: 2 | AD91: 3 | AE91: 3 | AF91: 1 | AG91: 2 | AH91: 1 | AI91: 3 | AJ91: 1 | AK91: 4 | AL91: 2 | AM91: 2 | AN91: 4 | AO91: 3 | AP91: 4 | AQ91: 5 | AR91: 1 | AS91: 4 | AT91: 1 | AU91: 2 | AV91: 1 | AW91: 2 | AX91: 3 | AY91: 1 | AZ91: 5 | BA91: 4 | BB91: 3 | BC91: 5 | BD91: 1 | BE91: 5 | BF91: 5 | BG91: 3 | BH91: 4 | BI91: 1 | BJ91: 3 | BK91: 4 | BL91: 5 | BM91: 4 | BN91: 1 | BO91: 3 | BP91: 3 | BQ91: 3 | BR91: 5 | BS91: 3 | BT91: 1 | BU91: 2 | BV91: 5 | BW91: 5 | BX91: 675ce427f72ea526d6083376 | BZ91: other | CA91: Neutral | CB91: 0 | CC91: High | CD91: Joy,Love | CF91: 0 | CG91: 2 | CH91: Very Positive | CK91: Unknown | CL91: 0
A92: 67327e4495f88dfc99471984 | B92: ="p"&ROW(A90) -> p90 | C92: 45940.706 | D92: 45940.716 | E92: 172.124.168.232 | F92: 100 | G92: 824 | H92: True | I92: 45940.716 | J92: R_5DJ11ZfKRBdmbf3 | K92: 29.8323 | L92: -95.736 | M92: anonymous | N92: Last night was the much-needed chaos I didn't know I needed! 🍻 Nothing beats a few hours with the crew that knew you when cargo pants were cool and before we had to worry about 401ks. We should definitely implement mandatory quarterly nostalgia sessions. Thanks for the laughs and the reminders of simpler times, guys! Now back to adulting... until next time! 🚀 | O92: Happy Birthday to my favorite partner in saving, traveling, and goal-crushing! 🎉 Every year with you feels like compounding interest—the returns just keep getting better. Thank you for your endless support, your sharp wit, and making the future look so bright. Wishing you a day as amazing as the positive net worth you bring to my life. I love you! ❤️ | P92: 4 | Q92: 5 | R92: 3 | S92: 1 | T92: 1 | U92: 4 | V92: 1 | W92: 4 | X92: 5 | Y92: 3 | Z92: 3 | AA92: 4 | AB92: 4 | AC92: 1 | AD92: 1 | AE92: 2 | AF92: 1 | AG92: 1 | AH92: 1 | AI92: 2 | AJ92: 1 | AK92: 1 | AL92: 3 | AM92: 3 | AN92: 4 | AO92: 1 | AP92: 5 | AQ92: 1 | AR92: 3 | AS92: 4 | AT92: 2 | AU92: 1 | AV92: 1 | AW92: 1 | AX92: 4 | AY92: 2 | AZ92: 3 | BA92: 4 | BB92: 4 | BC92: 4 | BD92: 4 | BE92: 4 | BF92: 4 | BG92: 2 | BH92: 1 | BI92: 4 | BJ92: 3 | BK92: 2 | BL92: 4 | BM92: 5 | BN92: 2 | BO92: 4 | BP92: 4 | BQ92: 3 | BR92: 2 | BS92: 1 | BT92: 4 | BU92: 1 | BV92: 3 | BW92: 4 | BX92: 67327e4495f88dfc99471984 | BZ92: other | CA92: Neutral | CB92: 0 | CC92: High | CD92: Love | CF92: 0 | CG92: 2 | CH92: Very Positive | CK92: Unknown | CL92: 1 | CM92: QID84
A93: 671b67f55fca5f2c8617fc2e | B93: ="p"&ROW(A91) -> p91 | C93: 45940.706 | D93: 45940.712 | E93: 216.120.189.178 | F93: 100 | G93: 492 | H93: True | I93: 45940.712 | J93: R_2KHF9xuldGCi5ZC | K93: 51.5081 | L93: -0.1278 | M93: anonymous | N93: outside with my boys have the fun of our life noting beat a childhood friend party. i am so happy i have my boys with me again From trading snacks at lunch to trading life updates now it’s wild to see how far we’ve all come, and yet how easily we fall back into rhythm. Same teasing, same warmth, just a little more grown up Grateful for the memories, the people who helped shape me, and the reminder that some roots run deep no matter how much time passes | O93: It’s your birthday and that means it’s time for cake, hugs, and a LOT of smiles!! You are my FAVORITE person and I’m super duper happy you were born You make me laugh a lot, you give the best hugs, and you're SO cool even cooler than superheroes I hope you get all the fun things today and forever I love you THIS MUCH | P93: 4 | Q93: 4 | R93: 2 | S93: 4 | T93: 5 | U93: 3 | V93: 3 | W93: 4 | X93: 4 | Y93: 3 | Z93: 3 | AA93: 3 | AB93: 4 | AC93: 4 | AD93: 3 | AE93: 3 | AF93: 3 | AG93: 4 | AH93: 4 | AI93: 3 | AJ93: 3 | AK93: 3 | AL93: 2 | AM93: 3 | AN93: 4 | AO93: 4 | AP93: 5 | AQ93: 4 | AR93: 2 | AS93: 5 | AT93: 3 | AU93: 3 | AV93: 1 | AW93: 2 | AX93: 2 | AY93: 2 | AZ93: 5 | BA93: 5 | BB93: 2 | BC93: 3 | BD93: 1 | BE93: 2 | BF93: 5 | BG93: 1 | BH93: 5 | BI93: 2 | BJ93: 4 | BK93: 5 | BL93: 5 | BM93: 5 | BN93: 4 | BO93: 5 | BP93: 4 | BQ93: 4 | BR93: 3 | BS93: 4 | BT93: 4 | BU93: 3 | BV93: 3 | BW93: 4 | BX93: 671b67f55fca5f2c8617fc2e | BZ93: other | CA93: Neutral | CB93: 0 | CC93: High | CD93: Love,Joy | CF93: 0 | CG93: 2 | CH93: Very Positive | CK93: Unknown | CL93: 1 | CM93: QID84
A94: 6744d143eddffd17d345b192 | B94: ="p"&ROW(A92) -> p92 | C94: 45940.707 | D94: 45940.712 | E94: 86.182.166.23 | F94: 100 | G94: 496 | H94: True | I94: 45940.712 | J94: R_8EEI07Rma1u0Dk8 | K94: 53.5005 | L94: -1.4832 | M94: anonymous | N94: Another one for the ages! Had an absolutely incredible time seeing my day 1 besties. My fondest memories are without a doubt with this gang and we have just created infinitely more memories in one night. Love all of yous that could attend and those who wanted to but couldn't &lt;3 20 years down let's make it another 60. | O94: I am nothing without this woman. She has changed everything about me in any way imaginable. The smartest, kindest, most intelligent, downright hilarious beautiful woman I have ever met and will ever meet in this life or the next. You are more than my wife Marina, you are the glue that holds my soul together. Without you I am merely a full person. Happy 27th birthday my love &lt;3 | P94: 5 | Q94: 5 | R94: 4 | S94: 5 | T94: 3 | U94: 5 | V94: 3 | W94: 4 | X94: 3 | Y94: 5 | Z94: 2 | AA94: 4 | AB94: 3 | AC94: 5 | AD94: 1 | AE94: 4 | AF94: 3 | AG94: 3 | AH94: 4 | AI94: 2 | AJ94: 1 | AK94: 4 | AL94: 3 | AM94: 4 | AN94: 2 | AO94: 1 | AP94: 5 | AQ94: 2 | AR94: 3 | AS94: 5 | AT94: 2 | AU94: 3 | AV94: 3 | AW94: 3 | AX94: 4 | AY94: 4 | AZ94: 5 | BA94: 2 | BB94: 3 | BC94: 4 | BD94: 2 | BE94: 5 | BF94: 2 | BG94: 3 | BH94: 4 | BI94: 5 | BJ94: 4 | BK94: 4 | BL94: 2 | BM94: 5 | BN94: 3 | BO94: 4 | BP94: 1 | BQ94: 2 | BR94: 2 | BS94: 1 | BT94: 1 | BU94: 2 | BV94: 5 | BW94: 2 | BX94: 6744d143eddffd17d345b192 | BZ94: other | CA94: Easy | CB94: 1 | CC94: High | CD94: Joy | CF94: 0 | CG94: 2 | CH94: Very Positive | CK94: Unknown | CL94: 1 | CM94: QID84
A95: 668e8b2d29cef7917c9b19bd | B95: ="p"&ROW(A93) -> p93 | C95: 45940.707 | D95: 45940.717 | E95: 86.24.53.172 | F95: 100 | G95: 895 | H95: True | I95: 45940.717 | J95: R_8Ctu80qMU3BTvZn | K95: 52.6667 | L95: 0.1667 | M95: anonymous | N95: Some friendships last forever! I'm so glad to have these people in my life since childhood, we had a great time and I want to thank everybody for being there! I hope to see you all very soon for our next meeting to share more laughs, drinks and silliness! Thanks again to be in my life! | O95: Happy birthday to the most important person in my life (after my cats obviously ah ah!) I hope you have great fun celebrating and I'm glad to celebrate with you! I love you and I hope to share with you many birthdays and beautiful moments like today! Thanks to be in my life, I love you so much! | P95: 5 | Q95: 5 | R95: 3 | S95: 4 | T95: 4 | U95: 5 | V95: 5 | W95: 3 | X95: 4 | Y95: 5 | Z95: 4 | AA95: 5 | AB95: 5 | AC95: 3 | AD95: 1 | AE95: 3 | AF95: 2 | AG95: 2 | AH95: 3 | AI95: 2 | AJ95: 1 | AK95: 5 | AL95: 2 | AM95: 2 | AN95: 4 | AO95: 1 | AP95: 5 | AQ95: 2 | AR95: 2 | AS95: 4 | AT95: 2 | AU95: 5 | AV95: 1 | AW95: 3 | AX95: 3 | AY95: 2 | AZ95: 5 | BA95: 5 | BB95: 5 | BC95: 4 | BD95: 2 | BE95: 5 | BF95: 5 | BG95: 5 | BH95: 3 | BI95: 4 | BJ95: 5 | BK95: 5 | BL95: 3 | BM95: 5 | BN95: 3 | BO95: 2 | BP95: 1 | BQ95: 5 | BR95: 4 | BS95: 1 | BT95: 1 | BU95: 1 | BV95: 5 | BW95: 5 | BX95: 668e8b2d29cef7917c9b19bd | BZ95: other | CA95: Neutral | CB95: 0 | CC95: High | CD95: Love | CF95: 0 | CG95: 2 | CH95: Very Positive | CK95: Unknown | CL95: 1 | CM95: QID84
A96: 67ca1243e7c4d398474fc95d | B96: ="p"&ROW(A94) -> p94 | C96: 45940.707 | D96: 45940.715 | E96: 90.247.35.6 | F96: 100 | G96: 712 | H96: True | I96: 45940.715 | J96: R_2OOprA2hkDYAlVf | K96: 52.5026 | L96: -1.7815 | M96: anonymous | N96: Last night was unreal, got together with childhood friends and ended up reminiscing, playing silly games, and sharing dumb jokes. It felt just like those summer evenings growing up. Grateful for everyone who showed up and made it wild. Honestly, these moments make life sweet. Can't wait for the next one! | O96: Happy birthday to the one who makes life brighter and better every single day. Thank you for laughing with me, supporting me, and just being yourself. I can't wait to make more memories together. Hope today is full of love, cake, and everything you adore. You truly deserve it all! | P96: 5 | Q96: 5 | R96: 3 | S96: 1 | T96: 5 | U96: 5 | V96: 5 | W96: 1 | X96: 4 | Y96: 5 | Z96: 5 | AA96: 5 | AB96: 5 | AC96: 2 | AD96: 2 | AE96: 1 | AF96: 1 | AG96: 1 | AH96: 1 | AI96: 1 | AJ96: 1 | AK96: 1 | AL96: 1 | AM96: 1 | AN96: 5 | AO96: 1 | AP96: 5 | AQ96: 5 | AR96: 2 | AS96: 5 | AT96: 1 | AU96: 5 | AV96: 1 | AW96: 5 | AX96: 5 | AY96: 1 | AZ96: 5 | BA96: 5 | BB96: 5 | BC96: 5 | BD96: 1 | BE96: 5 | BF96: 5 | BG96: 3 | BH96: 5 | BI96: 1 | BJ96: 5 | BK96: 5 | BL96: 5 | BM96: 5 | BN96: 1 | BO96: 2 | BP96: 3 | BQ96: 5 | BR96: 5 | BS96: 1 | BT96: 1 | BU96: 1 | BV96: 5 | BW96: 5 | BX96: 67ca1243e7c4d398474fc95d | BZ96: other | CA96: Neutral | CB96: 0 | CC96: High | CD96: Love | CF96: 0 | CG96: 2 | CH96: Very Positive | CK96: Unknown | CL96: 1 | CM96: QID84
A97: 67d43f5c7253c147df75e9e5 | B97: ="p"&ROW(A95) -> p95 | C97: 45940.707 | D97: 45940.722 | E97: 92.40.111.84 | F97: 100 | G97: 1236 | H97: True | I97: 45940.722 | J97: R_25GaB5H6nFPh9uc | K97: 51.9142 | L97: -0.3716 | M97: anonymous | N97: This is the type of friendship that can withstand long distance separation! Even though we have been separated for some time, it feels like we were together just the other day. Our childhood memories are still fresh as if it has not been over a two decades now. My heart if full, we have been laughing about some funny events that occurred when we were growing up. We ended up talking about our early days instead of our present lives.. #Reunion #Childhoodmemories | O97: What a wonderful day! I thank the heavens for this wonderful being. Congratulations on your birthday. May you have all the desires of your heart. May your days be filled with good health and joy. I love you! Happy Happy birthday. Cheers to many more years years as we create memories together. | P97: 5 | Q97: 4 | R97: 2 | S97: 3 | T97: 4 | U97: 5 | V97: 5 | W97: 2 | X97: 4 | Y97: 5 | Z97: 4 | AA97: 5 | AB97: 4 | AC97: 2 | AD97: 1 | AE97: 1 | AF97: 1 | AG97: 1 | AH97: 1 | AI97: 2 | AJ97: 1 | AK97: 3 | AL97: 2 | AM97: 2 | AN97: 5 | AO97: 1 | AP97: 5 | AQ97: 5 | AR97: 2 | AS97: 5 | AT97: 1 | AU97: 4 | AV97: 1 | AW97: 3 | AX97: 4 | AY97: 2 | AZ97: 5 | BA97: 5 | BB97: 5 | BC97: 5 | BD97: 1 | BE97: 5 | BF97: 5 | BG97: 3 | BH97: 5 | BI97: 1 | BJ97: 4 | BK97: 4 | BL97: 5 | BM97: 5 | BN97: 1 | BO97: 3 | BP97: 1 | BQ97: 4 | BR97: 4 | BS97: 1 | BT97: 1 | BU97: 3 | BV97: 5 | BW97: 5 | BX97: 67d43f5c7253c147df75e9e5 | BZ97: other | CA97: Neutral | CB97: 0 | CC97: High | CD97: Love | CF97: 0 | CG97: 2 | CH97: Very Positive | CK97: Unknown | CL97: 1 | CM97: QID84
A98: 67811c4fdaa9119f0fe31fca | B98: ="p"&ROW(A96) -> p96 | C98: 45940.708 | D98: 45940.713 | E98: 31.49.117.140 | F98: 100 | G98: 450 | H98: True | I98: 45940.713 | J98: R_8St62y47Bbouhup | K98: 52.547 | L98: -1.9396 | M98: anonymous | N98: Just wanted to say guys, it was amazing to see you all. Although we are all older we are definitely not wiser. My head hurts so much after all those shots of tequila and Barry you haven’t changed. Still being sick in the corner. We must do this more regularly. Let’s not leave it another 35 years as my liver won’t be able to cope. | O98: To my love and my best friend. Here’s to another year together. I hope I’m with you for the next 40 years. Here’s to sucking digestives together in the old people home. I love you every day. Even though you irritate the shit out of me sometimes. I couldn’t be without you. Happy birthday hunny. All my love xxx xxx | P98: 4 | Q98: 5 | R98: 4 | S98: 5 | T98: 5 | U98: 3 | V98: 3 | W98: 1 | X98: 2 | Y98: 5 | Z98: 3 | AA98: 4 | AB98: 3 | AC98: 5 | AD98: 1 | AE98: 1 | AF98: 1 | AG98: 2 | AH98: 1 | AI98: 5 | AJ98: 1 | AK98: 5 | AL98: 3 | AM98: 2 | AN98: 5 | AO98: 1 | AP98: 3 | AQ98: 5 | AR98: 2 | AS98: 5 | AT98: 2 | AU98: 5 | AV98: 1 | AW98: 2 | AX98: 4 | AY98: 3 | AZ98: 5 | BA98: 5 | BB98: 4 | BC98: 4 | BD98: 2 | BE98: 5 | BF98: 5 | BG98: 2 | BH98: 5 | BI98: 1 | BJ98: 2 | BK98: 5 | BL98: 4 | BM98: 5 | BN98: 1 | BO98: 2 | BP98: 1 | BQ98: 2 | BR98: 5 | BS98: 1 | BT98: 1 | BU98: 2 | BV98: 5 | BW98: 5 | BX98: 67811c4fdaa9119f0fe31fca | BZ98: other | CA98: Neutral | CB98: 0 | CC98: High | CD98: Mixed | CF98: 0 | CG98: 2 | CH98: Very Positive | CK98: Unknown | CL98: 1 | CM98: QID84
A99: 66959cf50e37b3130e0aeab4 | B99: ="p"&ROW(A97) -> p97 | C99: 45940.708 | D99: 45940.723 | E99: 84.69.53.211 | F99: 100 | G99: 1222 | H99: True | I99: 45940.723 | J99: R_8K137KvaJAaYnTa | K99: 50.8331 | L99: -1.2341 | M99: anonymous | N99: Catching up with my long time friends and paddies is something that money can't quantify. It is a moment I cherish every single bit of it. It was lit as expected and I can't let go. lots of discussion about the past that I wished time stood still and never moved an each. We also discussed about the realities of life in recent times. It was worth the time spent. | O99: Happy birthday to you my dearest friend. On you special day I just want to wish you love and happiness. I cherish every moment we spend together, the way you way smile every now and then always captivate me. I can't forget your angelic voice especially when you sing, It sounds so heavenly. Please accept my warmest wishes. | P99: 4 | Q99: 3 | R99: 2 | S99: 2 | T99: 3 | U99: 4 | V99: 3 | W99: 1 | X99: 2 | Y99: 3 | Z99: 4 | AA99: 4 | AB99: 3 | AC99: 3 | AD99: 1 | AE99: 2 | AF99: 2 | AG99: 3 | AH99: 2 | AI99: 4 | AJ99: 3 | AK99: 2 | AL99: 3 | AM99: 2 | AN99: 4 | AO99: 3 | AP99: 4 | AQ99: 3 | AR99: 2 | AS99: 3 | AT99: 2 | AU99: 5 | AV99: 2 | AW99: 4 | AX99: 3 | AY99: 3 | AZ99: 3 | BA99: 3 | BB99: 3 | BC99: 3 | BD99: 2 | BE99: 4 | BF99: 3 | BG99: 2 | BH99: 3 | BI99: 2 | BJ99: 3 | BK99: 3 | BL99: 3 | BM99: 4 | BN99: 3 | BO99: 4 | BP99: 3 | BQ99: 2 | BR99: 3 | BS99: 2 | BT99: 3 | BU99: 3 | BV99: 4 | BW99: 4 | BX99: 66959cf50e37b3130e0aeab4 | BZ99: other | CA99: Neutral | CB99: 0 | CC99: Medium | CD99: Joy,Love | CF99: 0 | CG99: 2 | CH99: Very Positive | CK99: Unknown | CL99: 1 | CM99: QID84
A100: 5f517edd007af03cbf15085f | B100: ="p"&ROW(A98) -> p98 | C100: 45940.711 | D100: 45940.716 | E100: 73.223.229.220 | F100: 100 | G100: 443 | H100: True | I100: 45940.716 | J100: R_3EWQkgZD57p4VL5 | K100: 37.6736 | L100: -122.0944 | M100: anonymous | N100: I went out and hung out with a few of my childhood friends today. It was awesome and the way it all came together was crazy. Basically I was out shopping and I ran into one of them who I had not seen in 5 years. After chatting a bit he told me about how he had actually reunited with the other 2 recently and they all moved back to the city. After finding this out we quickly made a group chat and began to catchup and reminisce about the old days. | O100: Happy Birthday to the greatest partner ever. Today is more than just a simple celebration, but rather a monumental day of happiness and love. I know I speak for everyone when I say that you are a huge and integral part of my life and I could not ever picture an existence without you in it. I am so grateful to be with you and be able to call you my partner. Happy Birthday! | P100: 5 | Q100: 5 | R100: 1 | S100: 4 | T100: 3 | U100: 4 | V100: 5 | W100: 2 | X100: 2 | Y100: 5 | Z100: 4 | AA100: 4 | AB100: 4 | AC100: 3 | AD100: 1 | AE100: 1 | AF100: 2 | AG100: 3 | AH100: 2 | AI100: 4 | AJ100: 1 | AK100: 3 | AL100: 2 | AM100: 2 | AN100: 4 | AO100: 1 | AP100: 4 | AQ100: 3 | AR100: 2 | AS100: 4 | AT100: 1 | AU100: 3 | AV100: 1 | AW100: 3 | AX100: 3 | AY100: 2 | AZ100: 4 | BA100: 3 | BB100: 3 | BC100: 3 | BD100: 1 | BE100: 4 | BF100: 4 | BG100: 3 | BH100: 4 | BI100: 1 | BJ100: 3 | BK100: 3 | BL100: 3 | BM100: 3 | BN100: 1 | BO100: 3 | BP100: 1 | BQ100: 5 | BR100: 4 | BS100: 2 | BT100: 1 | BU100: 3 | BV100: 3 | BW100: 3 | BX100: 5f517edd007af03cbf15085f | BZ100: other | CA100: Neutral | CB100: 0 | CC100: High | CD100: Joy,Love,Thankfulness | CF100: 0 | CG100: 2 | CH100: Very Positive | CK100: Unknown | CL100: 1 | CM100: QID84
A101: 665daf967d49ecde0b65ec09 | B101: ="p"&ROW(A99) -> p99 | C101: 45940.713 | D101: 45940.718 | E101: 81.154.6.33 | F101: 100 | G101: 432 | H101: True | I101: 45940.718 | J101: R_8yjpPdBYpTxQOFb | K101: 51.4746 | L101: -0.2517 | M101: anonymous | N101: Always fun sharing great memories of past adventures with these friends. People often take for granted the value of longstanding friendships and relationships. Looking forward to more exciting times to come with this crew! Thank you guys for always being there through good times and bad. | O101: Happy Birthday to my beautiful girlfriend. A special day to celebrate you and all that you are - please never change! I honestly can't imagine what my life would be like without you in it and I truly hope I will never have to face that day. Thank you for everything that you do and I wish you a day filled with happiness. | P101: 4 | Q101: 3 | R101: 4 | S101: 3 | T101: 5 | U101: 2 | V101: 4 | W101: 1 | X101: 4 | Y101: 5 | Z101: 4 | AA101: 2 | AB101: 5 | AC101: 1 | AD101: 2 | AE101: 1 | AF101: 1 | AG101: 2 | AH101: 1 | AI101: 5 | AJ101: 2 | AK101: 4 | AL101: 1 | AM101: 1 | AN101: 5 | AO101: 1 | AP101: 4 | AQ101: 4 | AR101: 3 | AS101: 2 | AT101: 1 | AU101: 5 | AV101: 1 | AW101: 2 | AX101: 2 | AY101: 1 | AZ101: 3 | BA101: 5 | BB101: 5 | BC101: 4 | BD101: 3 | BE101: 2 | BF101: 5 | BG101: 4 | BH101: 4 | BI101: 1 | BJ101: 4 | BK101: 3 | BL101: 3 | BM101: 5 | BN101: 1 | BO101: 3 | BP101: 4 | BQ101: 5 | BR101: 5 | BS101: 1 | BT101: 3 | BU101: 3 | BV101: 5 | BW101: 5 | BX101: 665daf967d49ecde0b65ec09 | BZ101: other | CA101: Neutral | CB101: 0 | CC101: Low | CD101: Mixed | CF101: 0 | CG101: 2 | CH101: Very Positive | CK101: Unknown | CL101: 1 | CM101: QID84
A102: 60f154e3b41e8202276ccc73 | B102: ="p"&ROW(A100) -> p100 | C102: 45940.713 | D102: 45940.721 | E102: 145.224.65.196 | F102: 100 | G102: 615 | H102: True | I102: 45940.721 | J102: R_2JIA1KXk1crTh5u | K102: 51.5081 | L102: -0.1278 | M102: anonymous | N102: These girls never fail to disappoint!! No matter how long we go without speaking, it's like we've never spent a day apart! 🤪 Always so good to catch up, lets not leave it so long next time eh?! We have so many memories, some we'd rather forget but ultimately they have made our friendship stronger throughout the years, from the school days, to the early twenties shenanigans to now and would you just look at us!! Love you all, these are the days of our lives! ♥️ | O102: A big happy birthday to my little 🚀 You are such a strong woman, I've never known anyone like you and I can't wait to spend the rest of our lives together. Me and you against the world darling ♥️ Have the best day ever, hope you enjoy it and love all your pressies. Love you ALWAYS xxxxx | P102: 4 | Q102: 2 | R102: 3 | S102: 5 | T102: 5 | U102: 2 | V102: 4 | W102: 1 | X102: 3 | Y102: 5 | Z102: 5 | AA102: 3 | AB102: 5 | AC102: 4 | AD102: 1 | AE102: 3 | AF102: 1 | AG102: 2 | AH102: 1 | AI102: 4 | AJ102: 4 | AK102: 5 | AL102: 5 | AM102: 2 | AN102: 4 | AO102: 2 | AP102: 5 | AQ102: 5 | AR102: 3 | AS102: 5 | AT102: 2 | AU102: 4 | AV102: 1 | AW102: 3 | AX102: 3 | AY102: 3 | AZ102: 1 | BA102: 2 | BB102: 3 | BC102: 2 | BD102: 2 | BE102: 2 | BF102: 5 | BG102: 3 | BH102: 4 | BI102: 5 | BJ102: 4 | BK102: 3 | BL102: 4 | BM102: 4 | BN102: 1 | BO102: 4 | BP102: 2 | BQ102: 2 | BR102: 1 | BS102: 4 | BT102: 3 | BU102: 2 | BV102: 4 | BW102: 5 | BX102: 60f154e3b41e8202276ccc73 | BZ102: other | CA102: Neutral | CB102: 0 | CC102: High | CD102: Joy,Love | CF102: 0 | CG102: 2 | CH102: Very Positive | CK102: Unknown | CL102: 1 | CM102: QID84
A103: 637f7c5ecaecb61bc8722a35 | B103: ="p"&ROW(A101) -> p101 | C103: 45941.501 | D103: 45941.508 | E103: 86.159.215.30 | F103: 100 | G103: 629 | H103: True | I103: 45941.508 | J103: R_26lNHaSM5AiaL6c | K103: 51.5164 | L103: -0.093 | M103: anonymous | N103: Having such a good weekend for our annual uni meetup! Makes you realise you need to keep in contact more than just once a year! xD I am so glad to have met these people and we may not see eachother much but when we do we just slot back together, it's like no time has gone at all! Love you all :D | O103: Happy Birthday Rachel! I am so glad you came into my life and I couldn't ask for a better partner. I am so proud of the progress you are making every day and I can't wait to celebrate this and many more birthdays with you! Thank you for being you! Lots of love, Chris xxxxxxxxxx | P103: 5 | Q103: 3 | R103: 3 | S103: 4 | T103: 2 | U103: 5 | V103: 4 | W103: 3 | X103: 4 | Y103: 4 | Z103: 1 | AA103: 4 | AB103: 5 | AC103: 5 | AD103: 1 | AE103: 4 | AF103: 2 | AG103: 3 | AH103: 3 | AI103: 4 | AJ103: 3 | AK103: 4 | AL103: 5 | AM103: 3 | AN103: 4 | AO103: 5 | AP103: 3 | AQ103: 2 | AR103: 1 | AS103: 4 | AT103: 2 | AU103: 2 | AV103: 5 | AW103: 2 | AX103: 4 | AY103: 4 | AZ103: 5 | BA103: 3 | BB103: 5 | BC103: 3 | BD103: 2 | BE103: 5 | BF103: 2 | BG103: 4 | BH103: 3 | BI103: 2 | BJ103: 3 | BK103: 2 | BL103: 3 | BM103: 3 | BN103: 2 | BO103: 4 | BP103: 1 | BQ103: 5 | BR103: 2 | BS103: 3 | BT103: 2 | BU103: 2 | BV103: 4 | BW103: 4 | BX103: 637f7c5ecaecb61bc8722a35 | BZ103: other | CA103: Easy | CB103: 1 | CC103: High | CD103: Love,Joy | CF103: 0 | CG103: 2 | CH103: Very Positive | CK103: Unknown | CL103: 1 | CM103: QID84
... A107: 67a95d468d14bd6324b4bbba | B107: ="p"&ROW(A105) -> p105 | C107: 45941.501 | D107: 45941.509 | E107: 113.20.53.210 | F107: 100 | G107: 684 | H107: True | I107: 45941.509 | J107: R_6cdVKvj5MmQRaBc | K107: 39.0814 | L107: -77.6443 | M107: anonymous | N107: Just got back from an amazing evening with my childhood friends! We laughed until our stomachs hurt, shared stories from the past, and caught up on everything happening in our lives now. Nights like this remind me how lucky I am to have friends who feel like family, no matter the years between us. | O107: Happy Birthday to the most incredible person in my life! You inspire me every single day with your kindness, humor, and endless love. I’m so grateful for every moment we share, for all the laughter, adventures, and memories we’ve created together. May your special day be filled with joy, love, happiness, and everything that makes your heart truly smile. You deserve all the amazing things life has to offer, today and always! | P107: 5 | Q107: 5 | R107: 1 | S107: 3 | T107: 4 | U107: 4 | V107: 4 | W107: 1 | X107: 1 | Y107: 5 | Z107: 5 | AA107: 5 | AB107: 5 | AC107: 5 | AD107: 1 | AE107: 1 | AF107: 1 | AG107: 3 | AH107: 1 | AI107: 1 | AJ107: 1 | AK107: 4 | AL107: 4 | AM107: 4 | AN107: 4 | AO107: 1 | AP107: 5 | AQ107: 5 | AR107: 2 | AS107: 5 | AT107: 2 | AU107: 2 | AV107: 1 | AW107: 5 | AX107: 5 | AY107: 1 | AZ107: 5 | BA107: 5 | BB107: 5 | BC107: 5 | BD107: 1 | BE107: 5 | BF107: 5 | BG107: 5 | BH107: 5 | BI107: 1 | BJ107: 5 | BK107: 5 | BL107: 5 | BM107: 5 | BN107: 1 | BO107: 4 | BP107: 5 | BQ107: 1 | BR107: 4 | BS107: 1 | BT107: 1 | BU107: 1 | BV107: 4 | BW107: 4 | BX107: 67a95d468d14bd6324b4bbba | BZ107: other | CA107: Neutral | CB107: 0 | CC107: High | CD107: Thankfulness,Joy,Love | CF107: 0 | CG107: 2 | CH107: Very Positive | CK107: Unknown | CL107: 1 | CM107: QID84
A108: 62b437a2dbff0b6b3d0121e4 | B108: ="p"&ROW(A106) -> p106 | D108: 46002.785 | E108: 86.180.124.255 | F108: 100 | G108: 343 | H108: TRUE | I108: 46002.785 | J108: R_8no74MoIgu9Zyog | N108: Catching up with my friends felt like being a time capsule tonight. We laughed about old stories, argued about who remembered them correctly and thought about how much things have and havenâ€™t changed. It was nice to see old familiar faces and reminisce on our shared history. Nights like this one remind me how lucky I am to have spent so much time with you growing up | O108: Happy Birthday to the person who makes the most dull days feel wonderful. Today reminds me how amazing you are and how lucky I am to share my life with someone who brings so much humour, warmth and love. Thankyou for everything, I hope this next year brings you everything you ask for. I love you | P108: 5 | Q108: 2 | R108: 3 | S108: 5 | T108: 5 | U108: 2 | V108: 5 | W108: 1 | X108: 4 | Y108: 5 | Z108: 5 | AA108: 5 | AB108: 4 | AC108: 3 | AD108: 1 | AE108: 4 | AF108: 1 | AG108: 1 | AH108: 3 | AI108: 5 | AJ108: 3 | AK108: 5 | AL108: 4 | AM108: 1 | AN108: 4 | AO108: 3 | AP108: 3 | AQ108: 2 | AR108: 1 | AS108: 4 | AT108: 1 | AU108: 5 | AV108: 2 | AW108: 1 | AX108: 2 | AY108: 4 | AZ108: 2 | BA108: 4 | BB108: 5 | BC108: 4 | BD108: 3 | BE108: 2 | BF108: 5 | BG108: 5 | BH108: 4 | BI108: 2 | BJ108: 5 | BK108: 2 | BL108: 4 | BM108: 4 | BN108: 2 | BO108: 2 | BP108: 1 | BQ108: 4 | BR108: 4 | BS108: 4 | BT108: 1 | BU108: 1 | BV108: 4 | BW108: 5 | BY108: other | BZ108: Neutral | CA108: 0 | CB108: High | CC108: Love | CF108: 0 | CG108: 2 | CH108: Very Positive | CK108: Unknown | CL108: 1 | CM108: QID84
A109: 67868bfd54b06784ec11ae1c | B109: ="p"&ROW(A107) -> p107 | D109: 46002.787 | E109: 51.14.78.88 | F109: 100 | G109: 411 | H109: TRUE | I109: 46002.787 | J109: R_81dpknKYE4Gt1zm | N109: what a great catch up with the best guys out there. havent seen some of them for what feels like years but the memories just came flooding back of all the good times and laughter we had. We went for Lunch then onto the cinema and finally rounded the day off with a few beers in the local, till next time. | O109: Happy Birthday to the best mum and wife out there and i know everyone says that but you truely are, you are always putting us before you and today just for once to quote mcfly its all about you, so put your feet up and let me and the kids take care of dinner and the washing up and you can relax for once | P109: 5 | Q109: 3 | R109: 4 | S109: 4 | T109: 3 | U109: 5 | V109: 4 | W109: 2 | X109: 4 | Y109: 4 | Z109: 3 | AA109: 5 | AB109: 5 | AC109: 4 | AD109: 3 | AE109: 2 | AF109: 2 | AG109: 3 | AH109: 2 | AI109: 4 | AJ109: 3 | AK109: 4 | AL109: 2 | AM109: 3 | AN109: 4 | AO109: 2 | AP109: 5 | AQ109: 4 | AR109: 2 | AS109: 4 | AT109: 3 | AU109: 4 | AV109: 2 | AW109: 4 | AX109: 4 | AY109: 3 | AZ109: 4 | BA109: 3 | BB109: 4 | BC109: 4 | BD109: 4 | BE109: 5 | BF109: 4 | BG109: 4 | BH109: 4 | BI109: 2 | BJ109: 5 | BK109: 2 | BL109: 4 | BM109: 5 | BN109: 2 | BO109: 3 | BP109: 3 | BQ109: 4 | BR109: 4 | BS109: 4 | BT109: 2 | BU109: 4 | BV109: 4 | BW109: 4 | BY109: other | BZ109: Neutral | CA109: 0 | CB109: Medium | CC109: Joy | CF109: 0 | CG109: 2 | CH109: Very Positive | CK109: Unknown | CL109: 1 | CM109: QID84
A110: 62c4d5821033848c1dc3667b | B110: ="p"&ROW(A108) -> p108 | D110: 46002.787 | E110: 162.251.59.205 | F110: 100 | G110: 489 | H110: TRUE | I110: 46002.787 | J110: R_7F4AN3tRwQ6qsvf | N110: Me and the guys finally found time in our busy adult lives to hang out and catch up with one another. We met at the ball field where we spent many days out there playing games. It was fun and very much needed to get out and feel like old times. Sometimes we get so busy with life and taking care of adult things that we forget how to be a kid but I think it is important that we have more of these days again to be youthful and regain a sense of happiness because those days we spent on the field truly were my happy days. | O110: Happy birthday to my beautiful wife. I am so thankful I get to share these special occasions with you and I hope I can make this day extra special just as you are. You do so much for me and often I may fail to do the same for you. Your birthday is a reminder that you are so special and deserve special treatment. I want to take you to dinner tonight and this weekend I want you to pick an outing that you want to do. Anything for you! I love you! | P110: 4 | Q110: 5 | R110: 3 | S110: 4 | T110: 4 | U110: 4 | V110: 3 | W110: 2 | X110: 1 | Y110: 4 | Z110: 3 | AA110: 3 | AB110: 3 | AC110: 3 | AD110: 1 | AE110: 1 | AF110: 1 | AG110: 3 | AH110: 1 | AI110: 5 | AJ110: 2 | AK110: 3 | AL110: 2 | AM110: 2 | AN110: 5 | AO110: 2 | AP110: 4 | AQ110: 4 | AR110: 2 | AS110: 4 | AT110: 2 | AU110: 3 | AV110: 2 | AW110: 3 | AX110: 4 | AY110: 2 | AZ110: 4 | BA110: 4 | BB110: 3 | BC110: 3 | BD110: 2 | BE110: 4 | BF110: 4 | BG110: 3 | BH110: 5 | BI110: 2 | BJ110: 2 | BK110: 1 | BL110: 3 | BM110: 4 | BN110: 2 | BO110: 5 | BP110: 1 | BQ110: 3 | BR110: 3 | BS110: 1 | BT110: 2 | BU110: 3 | BV110: 3 | BW110: 5 | BY110: other | BZ110: Neutral | CA110: 0 | CB110: High | CC110: Joy,Love | CF110: 0 | CG110: 2 | CH110: Very Positive | CK110: Unknown | CL110: 1 | CM110: QID84
A111: 67a96562e2b052e6c15ed963 | B111: ="p"&ROW(A109) -> p109 | D111: 46002.787 | E111: 92.40.204.102 | F111: 100 | G111: 407 | H111: TRUE | I111: 46002.787 | J111: R_8P3W0r8RYmwZ4Qh | N111: Glad to see everybody, can't believe that I used to be much younger and at school with all of these amazing people. Thank you so much for the great time, everybody was great to talk to and I really liked sharing our stories of how our lives have turned out. Best wishes to everyone and let's all meet up again in another 20 years. | O111: Happy birthday, glad I could share it with you and the friends and family we have together. I feel happy every day I have met you and I love you. Here's to another year of us together and all the memories we share. Lots of gifts and cake to go around and you managed to blow out all of the candles in one, good job. | P111: 4 | Q111: 5 | R111: 5 | S111: 2 | T111: 2 | U111: 5 | V111: 5 | W111: 4 | X111: 1 | Y111: 2 | Z111: 5 | AA111: 5 | AB111: 5 | AC111: 4 | AD111: 1 | AE111: 5 | AF111: 4 | AG111: 5 | AH111: 4 | AI111: 1 | AJ111: 1 | AK111: 5 | AL111: 4 | AM111: 5 | AN111: 4 | AO111: 5 | AP111: 3 | AQ111: 5 | AR111: 2 | AS111: 4 | AT111: 5 | AU111: 2 | AV111: 4 | AW111: 5 | AX111: 2 | AY111: 4 | AZ111: 5 | BA111: 5 | BB111: 5 | BC111: 3 | BD111: 4 | BE111: 5 | BF111: 4 | BG111: 5 | BH111: 3 | BI111: 4 | BJ111: 3 | BK111: 5 | BL111: 3 | BM111: 3 | BN111: 3 | BO111: 2 | BP111: 5 | BQ111: 3 | BR111: 4 | BS111: 1 | BT111: 2 | BU111: 3 | BV111: 2 | BW111: 5 | BY111: other | BZ111: Neutral | CA111: 0 | CB111: High | CC111: Love | CF111: 0 | CG111: 2 | CH111: Very Positive | CK111: Unknown | CL111: 1 | CM111: QID84
A112: 64fb3be137d2bd2bdfab8ba6 | B112: ="p"&ROW(A110) -> p110 | D112: 46002.788 | E112: 71.206.56.149 | F112: 100 | G112: 481 | H112: TRUE | I112: 46002.788 | J112: R_5cv1DOqyWKfyHWV | N112: I went to the racetrack and sat on the deck outside overlooking the finish line. I was with a boyhood friend. We sat down and another boyhood friend was sitting nearby. I went over and deliberately bumped into him and was surprised he did not immediately recognize me because he was vain and not wearing his eye glasses. In our ensuring talk, he turned out to be a "dick". | O112: I am so delighted to be able to share this milestone with you. Somehow we have gotten this far. Some credit goes to our genes, the rest, to moderation. Who would have thought that this event would be happening years ago, when the world was falling apart. It took heroic steps to get up and continue when all seemed lost. You did it. Congratulations. Go Moderation Go! | P112: 4 | Q112: 5 | R112: 2 | S112: 4 | T112: 3 | U112: 4 | V112: 4 | W112: 1 | X112: 1 | Y112: 3 | Z112: 5 | AA112: 3 | AB112: 3 | AC112: 2 | AD112: 1 | AE112: 1 | AF112: 1 | AG112: 3 | AH112: 2 | AI112: 4 | AJ112: 1 | AK112: 5 | AL112: 2 | AM112: 1 | AN112: 4 | AO112: 2 | AP112: 4 | AQ112: 4 | AR112: 3 | AS112: 4 | AT112: 1 | AU112: 4 | AV112: 1 | AW112: 4 | AX112: 3 | AY112: 1 | AZ112: 4 | BA112: 3 | BB112: 3 | BC112: 4 | BD112: 1 | BE112: 4 | BF112: 5 | BG112: 2 | BH112: 4 | BI112: 2 | BJ112: 3 | BK112: 5 | BL112: 3 | BM112: 4 | BN112: 1 | BO112: 4 | BP112: 2 | BQ112: 4 | BR112: 4 | BS112: 2 | BT112: 1 | BU112: 4 | BV112: 4 | BW112: 4 | BY112: other | BZ112: Neutral | CA112: 0 | CB112: High | CC112: Joy | CF112: 0 | CG112: 2 | CH112: Very Positive | CK112: Unknown | CL112: 1 | CM112: QID84
A113: 5f0f6811a0ed4a11dbc57b79 | B113: ="p"&ROW(A111) -> p111 | D113: 46002.788 | E113: 95.214.228.107 | F113: 100 | G113: 502 | H113: TRUE | I113: 46002.788 | J113: R_88NvMAZ9pma5CTE | N113: It was great seeing my childhood friends at the social gathering. I have not seen them for many years and it was nice opportunity to re-connect. Some have become grandparents at such a young age, its quite astonishing how time literally flies by. Many have moved to different locations in the UK and couple had moved abroad. Shame our school was knocked down. | O113: Happy birthday to my dear one, I hope you have fantastic day. As each year goes by you become more endearing to me and I cherish each moment I spend time with you. As you grow another year older, you have become more wiser and beautiful with time. May you have more birthday celebrations to come. | P113: 5 | Q113: 5 | R113: 2 | S113: 4 | T113: 5 | U113: 5 | V113: 5 | W113: 1 | X113: 2 | Y113: 5 | Z113: 5 | AA113: 5 | AB113: 5 | AC113: 2 | AD113: 1 | AE113: 1 | AF113: 1 | AG113: 2 | AH113: 1 | AI113: 4 | AJ113: 1 | AK113: 4 | AL113: 2 | AM113: 1 | AN113: 5 | AO113: 5 | AP113: 4 | AQ113: 5 | AR113: 2 | AS113: 5 | AT113: 1 | AU113: 4 | AV113: 1 | AW113: 3 | AX113: 5 | AY113: 1 | AZ113: 5 | BA113: 5 | BB113: 3 | BC113: 4 | BD113: 1 | BE113: 5 | BF113: 5 | BG113: 3 | BH113: 5 | BI113: 1 | BJ113: 3 | BK113: 5 | BL113: 5 | BM113: 5 | BN113: 1 | BO113: 5 | BP113: 4 | BQ113: 5 | BR113: 5 | BS113: 1 | BT113: 1 | BU113: 4 | BV113: 5 | BW113: 5 | BY113: other | BZ113: Neutral | CA113: 0 | CB113: Low | CC113: Joy | CF113: 0 | CG113: 2 | CH113: Very Positive | CK113: Unknown | CL113: 1 | CM113: QID84
A114: 59d3ef2c078dbe000195117f | B114: ="p"&ROW(A112) -> p112 | D114: 46002.788 | E114: 109.144.161.129 | F114: 100 | G114: 436 | H114: TRUE | I114: 46002.788 | J114: R_2Pp0piwCRMlOTm8 | N114: Last night I was at a gathering that included some childhood friends. It was organised by one of the friends as a yearly get together for old friends. We met at a local bar and had a few glasses of wine while discussing what we have been up to over the past few months. Its wonderful to be able to meet these wonderful ladies. | O114: Dear SP, Happy birthday my darling. Another year older but another year in love. I hope your day will be filled with amazing adventures and that you create wonderful memories to add to your box of existing memories. I cant wait to spend another year in your beautiful company so that we can make more memories together. | P114: 5 | Q114: 5 | R114: 1 | S114: 2 | T114: 5 | U114: 5 | V114: 4 | W114: 1 | X114: 1 | Y114: 3 | Z114: 5 | AA114: 1 | AB114: 2 | AC114: 1 | AD114: 1 | AE114: 1 | AF114: 1 | AG114: 5 | AH114: 1 | AI114: 5 | AJ114: 1 | AK114: 4 | AL114: 1 | AM114: 1 | AN114: 5 | AO114: 1 | AP114: 5 | AQ114: 5 | AR114: 3 | AS114: 1 | AT114: 1 | AU114: 4 | AV114: 1 | AW114: 3 | AX114: 4 | AY114: 1 | AZ114: 1 | BA114: 5 | BB114: 2 | BC114: 1 | BD114: 1 | BE114: 4 | BF114: 5 | BG114: 2 | BH114: 5 | BI114: 1 | BJ114: 4 | BK114: 5 | BL114: 3 | BM114: 5 | BN114: 1 | BO114: 5 | BP114: 1 | BQ114: 4 | BR114: 5 | BS114: 3 | BT114: 4 | BU114: 4 | BV114: 5 | BW114: 5 | BY114: other | BZ114: Neutral | CA114: 0 | CB114: High | CC114: Love | CF114: 0 | CG114: 2 | CH114: Very Positive | CK114: Unknown | CL114: 1 | CM114: QID84
A115: 5855878ec41fd900014345d4 | B115: ="p"&ROW(A113) -> p113 | D115: 46002.788 | E115: 86.147.108.241 | F115: 100 | G115: 448 | H115: TRUE | I115: 46002.788 | J115: R_2O6VVX2QDErwyRn | N115: Met up with me old mates from school. It's been a good twenty or so years and has been so great to see you all again. We cannot leave it so long next time! I've loved to hear about how your lives have twisted and turned as we've all got older, it was amazing to hear about your families, life experiences and adventures. | O115: Dear my partner. We've been together for two years now and I've loved how we've grown together. It has not been an easy journey but we've worked through things together and I've never met such a romantic, kind and funny person. You are truly unique and I am so glad to have met you. I love you and happy birthday! | P115: 5 | Q115: 4 | R115: 3 | S115: 5 | T115: 4 | U115: 5 | V115: 4 | W115: 2 | X115: 2 | Y115: 5 | Z115: 4 | AA115: 3 | AB115: 5 | AC115: 3 | AD115: 1 | AE115: 4 | AF115: 1 | AG115: 2 | AH115: 2 | AI115: 3 | AJ115: 2 | AK115: 5 | AL115: 4 | AM115: 2 | AN115: 4 | AO115: 1 | AP115: 5 | AQ115: 3 | AR115: 1 | AS115: 4 | AT115: 2 | AU115: 5 | AV115: 2 | AW115: 1 | AX115: 5 | AY115: 1 | AZ115: 2 | BA115: 3 | BB115: 4 | BC115: 4 | BD115: 2 | BE115: 3 | BF115: 3 | BG115: 3 | BH115: 4 | BI115: 2 | BJ115: 4 | BK115: 1 | BL115: 3 | BM115: 5 | BN115: 1 | BO115: 4 | BP115: 1 | BQ115: 4 | BR115: 4 | BS115: 1 | BT115: 2 | BU115: 1 | BV115: 4 | BW115: 5 | BY115: other | BZ115: Hard | CA115: -1 | CB115: High | CC115: Mixed | CF115: 0 | CG115: 2 | CH115: Very Positive | CK115: Unknown | CL115: 1 | CM115: QID84
A116: 63b3377ca1ccdfc7cc567503 | B116: ="p"&ROW(A114) -> p114 | D116: 46002.788 | E116: 171.22.105.15 | F116: 100 | G116: 591 | H116: TRUE | I116: 46002.788 | J116: R_2EoKMMgN62j0PS4 | N116: Had the best time catching up with my childhood friends today! Itâ€™s crazy how no matter how much time passes, we always pick up right where we left off. Lots of laughs, memories, and a whole lot of nostalgia. :) Canâ€™t believe how much weâ€™ve all changed, but the bond is still the same. So grateful for these lifelong friendships! #GoodTimes #OldFriends #Grateful #Nostalgia #UnforgettableMemories | O116: Happy Birthday to the love of my life! Every day with you is a blessing, but today I get to celebrate U. You make my world brighter, my heart fuller, and my life so much better just by being you. Thank you for all the love, laughter, and endless memories. Hereâ€™s to many more birthdays together! Love you endlessly! #HappyBirthday #MyPerson #ForeverAndAlways #FeelingBlessed | P116: 4 | Q116: 5 | R116: 4 | S116: 4 | T116: 5 | U116: 5 | V116: 5 | W116: 3 | X116: 5 | Y116: 5 | Z116: 4 | AA116: 5 | AB116: 4 | AC116: 2 | AD116: 1 | AE116: 2 | AF116: 1 | AG116: 1 | AH116: 2 | AI116: 3 | AJ116: 1 | AK116: 4 | AL116: 1 | AM116: 1 | AN116: 4 | AO116: 2 | AP116: 4 | AQ116: 4 | AR116: 2 | AS116: 5 | AT116: 1 | AU116: 2 | AV116: 1 | AW116: 1 | AX116: 4 | AY116: 1 | AZ116: 4 | BA116: 4 | BB116: 4 | BC116: 5 | BD116: 2 | BE116: 4 | BF116: 5 | BG116: 3 | BH116: 4 | BI116: 1 | BJ116: 4 | BK116: 5 | BL116: 5 | BM116: 5 | BN116: 2 | BO116: 2 | BP116: 3 | BQ116: 4 | BR116: 5 | BS116: 2 | BT116: 1 | BU116: 1 | BV116: 5 | BW116: 4 | BY116: other | BZ116: Neutral | CA116: 0 | CB116: High | CC116: Mixed | CF116: 0 | CG116: 2 | CH116: Very Positive | CK116: Unknown | CL116: 1 | CM116: QID84
A117: 5e5521580ee1b951df544c3c | B117: ="p"&ROW(A115) -> p115 | D117: 46002.788 | E117: 86.169.99.226 | F117: 100 | G117: 613 | H117: TRUE | I117: 46002.788 | J117: R_2yfzODswTEOC3fP | N117: It was great to spend time catching up with old friends. It was great to see friends that I have not seen in a while and we were soon reminiscing and laughing about our earlier times together and the antics we used to caught up in. It is always great to catch up and remember the good times we have shared together. | O117: Today is a special day for a very special person. Another year passed but with each passing year my love and admiration only increases further. It is a day for celebrating your amazing life, how you have been such a positive impact on so many people, and for us to tell you how much you mean to us. | P117: 4 | Q117: 4 | R117: 1 | S117: 4 | T117: 3 | U117: 3 | V117: 5 | W117: 1 | X117: 3 | Y117: 3 | Z117: 3 | AA117: 2 | AB117: 5 | AC117: 2 | AD117: 1 | AE117: 1 | AF117: 1 | AG117: 3 | AH117: 1 | AI117: 4 | AJ117: 1 | AK117: 4 | AL117: 2 | AM117: 1 | AN117: 5 | AO117: 3 | AP117: 4 | AQ117: 3 | AR117: 2 | AS117: 4 | AT117: 1 | AU117: 5 | AV117: 1 | AW117: 4 | AX117: 5 | AY117: 2 | AZ117: 4 | BA117: 5 | BB117: 4 | BC117: 3 | BD117: 1 | BE117: 4 | BF117: 5 | BG117: 4 | BH117: 4 | BI117: 2 | BJ117: 2 | BK117: 4 | BL117: 4 | BM117: 3 | BN117: 3 | BO117: 5 | BP117: 4 | BQ117: 4 | BR117: 4 | BS117: 3 | BT117: 3 | BU117: 2 | BV117: 4 | BW117: 3 | BY117: other | BZ117: Neutral | CA117: 0 | CB117: High | CC117: Love | CF117: 0 | CG117: 2 | CH117: Very Positive | CK117: Unknown | CL117: 1 | CM117: QID84
A118: 677d4ffb4e07a3f53e0c3fdd | B118: ="p"&ROW(A116) -> p116 | D118: 46002.789 | E118: 81.78.115.219 | F118: 100 | G118: 304 | H118: TRUE | I118: 46002.789 | J118: R_8RsJi5RgWnvw6ne | N118: Wow. it's been amazing to see all these people again - some of them I hadn't seen in over 30 years! We had a lovely time catching up and learning about how everyone's lives have gone so far. Some of us had really clear memories from that time that others had forgotten - it was a lot of fun rediscovering things about our childhoods. | O118: Happy birthday, my love - who knew you were that old already? ;-) I hope you are having a lovely day - and even though it's a work day I know there will be a beer waiting for you in our favourite pub this evening. I wish you all the best for this next year of your life and hope you get to do many more of the things you've been dreaming of. | P118: 4 | Q118: 4 | R118: 4 | S118: 5 | T118: 4 | U118: 2 | V118: 3 | W118: 2 | X118: 1 | Y118: 3 | Z118: 1 | AA118: 2 | AB118: 4 | AC118: 2 | AD118: 2 | AE118: 1 | AF118: 2 | AG118: 1 | AH118: 1 | AI118: 4 | AJ118: 1 | AK118: 5 | AL118: 4 | AM118: 1 | AN118: 5 | AO118: 1 | AP118: 3 | AQ118: 4 | AR118: 1 | AS118: 4 | AT118: 1 | AU118: 5 | AV118: 3 | AW118: 2 | AX118: 1 | AY118: 1 | AZ118: 2 | BA118: 5 | BB118: 3 | BC118: 4 | BD118: 4 | BE118: 3 | BF118: 3 | BG118: 5 | BH118: 3 | BI118: 3 | BJ118: 5 | BK118: 4 | BL118: 2 | BM118: 5 | BN118: 1 | BO118: 3 | BP118: 1 | BQ118: 1 | BR118: 3 | BS118: 1 | BT118: 4 | BU118: 1 | BV118: 5 | BW118: 4 | BY118: other | BZ118: Neutral | CA118: 0 | CB118: High | CC118: Love | CF118: 0 | CG118: 2 | CH118: Very Positive | CK118: Unknown | CL118: 1 | CM118: QID84
A119: 66eb407e1ff22f0926073501 | B119: ="p"&ROW(A117) -> p117 | D119: 46002.79 | E119: 172.59.66.139 | F119: 100 | G119: 675 | H119: TRUE | I119: 46002.79 | J119: R_6g09k2FB5qRBnQf | N119: So happy that this hang out actually made it out of the group chat this time! It is always a good time hanging out with these lovely ladies, time has absolutely flown by and I'm glad I was able to spend the afternoon having fun with people I care about. I knew when we first met as kids that these would be lasting friendships and I consider myself very lucky. | O119: I wanted to wish my boyfriend and perfect dog dad a very happy birthday. I am not trying to ruin the surprise but i have a fun filled celebratory day planned to celebrate your emergence into this world. You're able to make the bad days better and turn my frown upside down. You light up any room you walk into and are very special to me. | P119: 3 | Q119: 4 | R119: 3 | S119: 2 | T119: 4 | U119: 5 | V119: 1 | W119: 1 | X119: 2 | Y119: 4 | Z119: 3 | AA119: 2 | AB119: 2 | AC119: 4 | AD119: 1 | AE119: 1 | AF119: 2 | AG119: 3 | AH119: 2 | AI119: 2 | AJ119: 1 | AK119: 3 | AL119: 3 | AM119: 2 | AN119: 4 | AO119: 3 | AP119: 4 | AQ119: 3 | AR119: 4 | AS119: 3 | AT119: 3 | AU119: 4 | AV119: 2 | AW119: 2 | AX119: 3 | AY119: 3 | AZ119: 4 | BA119: 5 | BB119: 1 | BC119: 1 | BD119: 2 | BE119: 3 | BF119: 2 | BG119: 2 | BH119: 3 | BI119: 3 | BJ119: 3 | BK119: 2 | BL119: 3 | BM119: 4 | BN119: 2 | BO119: 4 | BP119: 2 | BQ119: 1 | BR119: 4 | BS119: 1 | BT119: 4 | BU119: 2 | BV119: 4 | BW119: 5 | BY119: other | BZ119: Neutral | CA119: 0 | CB119: High | CC119: Mixed | CF119: 0 | CG119: 2 | CH119: Very Positive | CK119: Unknown | CL119: 1 | CM119: QID84
... A121: 632e0fd7424f2848637d173f | B121: ="p"&ROW(A119) -> p119 | D121: 46002.79 | E121: 199.19.236.135 | F121: 100 | G121: 442 | H121: TRUE | I121: 46002.79 | J121: R_1vPqfoee9BbwIHD | N121: We've known each other for so long that we often finish each other's thoughts. I'm so glad to have this group of friends. Always there for each other through all of life's ups and downs. I know they will be there for the rest of my life and that brings me a lot of joy. Being with all of you was amazing. | O121: I'm so happy that we met. I didn't believe there was anyone out there for me, but then you showed up. You are always there for me when I need you. I couldn't ask for a better or more supportive partner. You always do your best to understand my needs. I'm happy to celebrate you on this day. | P121: 3 | Q121: 5 | R121: 3 | S121: 4 | T121: 4 | U121: 4 | V121: 2 | W121: 3 | X121: 1 | Y121: 4 | Z121: 2 | AA121: 2 | AB121: 2 | AC121: 3 | AD121: 1 | AE121: 4 | AF121: 3 | AG121: 5 | AH121: 3 | AI121: 3 | AJ121: 1 | AK121: 5 | AL121: 2 | AM121: 2 | AN121: 4 | AO121: 1 | AP121: 4 | AQ121: 3 | AR121: 4 | AS121: 5 | AT121: 2 | AU121: 5 | AV121: 3 | AW121: 4 | AX121: 3 | AY121: 2 | AZ121: 4 | BA121: 4 | BB121: 1 | BC121: 3 | BD121: 3 | BE121: 4 | BF121: 3 | BG121: 2 | BH121: 5 | BI121: 3 | BJ121: 3 | BK121: 4 | BL121: 3 | BM121: 5 | BN121: 3 | BO121: 4 | BP121: 1 | BQ121: 3 | BR121: 4 | BS121: 1 | BT121: 2 | BU121: 3 | BV121: 4 | BW121: 5 | BY121: other | BZ121: Easy | CA121: 1 | CB121: High | CC121: Mixed | CF121: 0 | CG121: 2 | CH121: Very Positive | CK121: Unknown | CL121: 1 | CM121: QID84
A122: 5f4412624052727181839e3a | B122: ="p"&ROW(A120) -> p120 | D122: 46002.791 | E122: 146.200.206.63 | F122: 100 | G122: 687 | H122: TRUE | I122: 46002.791 | J122: R_2Xafo6e2AdPScsK | N122: Just got back from the reunion party! Saw all the guys from school, it was great. So nice to catch up with everyone! What a great year group we had in school! It's crazy how fast time goes by, we should definitely meet up again (sooner this time!). Hope everyone got home safe! Please stay in touch everyone! | O122: Happy birthday Jess! Another year older! The big 29, only 1 more year to go until THE birthday!! This year has gone by so fast, it's crazy to think it was just last year that we were in Malta! Exactly one year ago at this time we were just getting ready to go out for a meal, and we're doing the same now! | P122: 4 | Q122: 5 | R122: 4 | S122: 3 | T122: 4 | U122: 3 | V122: 2 | W122: 2 | X122: 2 | Y122: 4 | Z122: 3 | AA122: 3 | AB122: 2 | AC122: 3 | AD122: 2 | AE122: 3 | AF122: 4 | AG122: 5 | AH122: 4 | AI122: 3 | AJ122: 2 | AK122: 3 | AL122: 2 | AM122: 2 | AN122: 4 | AO122: 2 | AP122: 3 | AQ122: 3 | AR122: 4 | AS122: 4 | AT122: 2 | AU122: 3 | AV122: 2 | AW122: 4 | AX122: 4 | AY122: 4 | AZ122: 3 | BA122: 3 | BB122: 2 | BC122: 3 | BD122: 3 | BE122: 3 | BF122: 4 | BG122: 2 | BH122: 3 | BI122: 2 | BJ122: 3 | BK122: 4 | BL122: 3 | BM122: 4 | BN122: 3 | BO122: 4 | BP122: 1 | BQ122: 3 | BR122: 4 | BS122: 2 | BT122: 4 | BU122: 4 | BV122: 3 | BW122: 4 | BY122: other | BZ122: Neutral | CA122: 0 | CB122: Medium | CC122: Mixed | CF122: 0 | CG122: 0 | CH122: Mixed | CK122: Unknown | CL122: 0
A123: 67c78fbc58d20f4b7fe41479 | B123: ="p"&ROW(A121) -> p121 | D123: 46002.792 | E123: 86.109.82.172 | F123: 100 | G123: 720 | H123: TRUE | I123: 46002.792 | J123: R_3dYA57KS3GTKWGE | N123: Just spent the afternoon hanging out with my childhood friends, and it honestly felt like stepping back in time. We laughed about the silly things we used to do, caught up on where life has taken each of us, and realized that even though weâ€™ve all changed, the vibe is still the same. Grateful for the people who knew me way before life got complicated. | O123: Happy birthday to someone who brings so much light and positivity into my life. ðŸŽ‰ðŸ’› Iâ€™m really grateful for you and everything you doâ€”you make the good days even better and the tough days a little easier. Wishing you a year full of growth, joy, and everything youâ€™ve been working toward. Enjoy your day! | P123: 5 | Q123: 5 | R123: 3 | S123: 4 | T123: 5 | U123: 3 | V123: 5 | W123: 3 | X123: 3 | Y123: 4 | Z123: 5 | AA123: 3 | AB123: 4 | AC123: 4 | AD123: 2 | AE123: 3 | AF123: 2 | AG123: 2 | AH123: 2 | AI123: 2 | AJ123: 2 | AK123: 3 | AL123: 2 | AM123: 2 | AN123: 4 | AO123: 3 | AP123: 4 | AQ123: 4 | AR123: 3 | AS123: 3 | AT123: 3 | AU123: 4 | AV123: 2 | AW123: 3 | AX123: 4 | AY123: 3 | AZ123: 4 | BA123: 4 | BB123: 4 | BC123: 3 | BD123: 3 | BE123: 4 | BF123: 4 | BG123: 3 | BH123: 4 | BI123: 4 | BJ123: 3 | BK123: 4 | BL123: 4 | BM123: 4 | BN123: 2 | BO123: 3 | BP123: 2 | BQ123: 4 | BR123: 4 | BS123: 2 | BT123: 2 | BU123: 2 | BV123: 3 | BW123: 4 | BY123: other | BZ123: Neutral | CA123: 0 | CB123: High | CC123: Thankfulness | CF123: 0 | CG123: 2 | CH123: Very Positive | CK123: Unknown | CL123: 1 | CM123: QID84
A124: 67eaa46b7bb6cbefdcbde74c | B124: ="p"&ROW(A122) -> p122 | D124: 46002.792 | E124: 86.109.80.38 | F124: 100 | G124: 853 | H124: TRUE | I124: 46002.792 | J124: R_50dXjQ6oiWgO5M5 | N124: Hellow, ,my friends its been a minute since we saw each other and i tink today is the day that we all are going to meet and reunit as childhood friends and enjoy ourselves,have some fun .We are going to play some games which will be fun ,educative and also not that tiring. we are also going to make some meals together eat and dance to some music which will bring back our childhood memories | O124: I am very happy today ,that my one and only love of my life was born an i wanna take this time and celebrate her day as it should be. May your life be filled with joy,laughter and blessings. Since you come into mylife it has been filled with lots of love and growth. I will love you to moon and back to earth and i promise to be by your side everyday of mylife.Enjoy your day and i have a litt;e surprise for you. | P124: 5 | Q124: 4 | R124: 3 | S124: 2 | T124: 5 | U124: 1 | V124: 3 | W124: 1 | X124: 4 | Y124: 4 | Z124: 3 | AA124: 5 | AB124: 3 | AC124: 5 | AD124: 3 | AE124: 4 | AF124: 5 | AG124: 3 | AH124: 4 | AI124: 4 | AJ124: 5 | AK124: 3 | AL124: 5 | AM124: 4 | AN124: 3 | AO124: 4 | AP124: 4 | AQ124: 3 | AR124: 4 | AS124: 4 | AT124: 3 | AU124: 4 | AV124: 5 | AW124: 3 | AX124: 5 | AY124: 3 | AZ124: 3 | BA124: 5 | BB124: 2 | BC124: 4 | BD124: 2 | BE124: 4 | BF124: 2 | BG124: 1 | BH124: 4 | BI124: 4 | BJ124: 4 | BK124: 5 | BL124: 3 | BM124: 2 | BN124: 4 | BO124: 3 | BP124: 5 | BQ124: 4 | BR124: 3 | BS124: 5 | BT124: 2 | BU124: 4 | BV124: 3 | BW124: 5 | BY124: other | BZ124: Neutral | CA124: 0 | CB124: High | CC124: Mixed | CF124: 0 | CG124: 2 | CH124: Very Positive | CK124: Unknown | CL124: 1 | CM124: QID84
A125: 5d20b0157e17470001e1c635 | B125: ="p"&ROW(A123) -> p123 | D125: 46002.792 | E125: 82.4.39.132 | F125: 100 | G125: 806 | H125: TRUE | I125: 46002.792 | J125: R_8nu9s7QpXgU0guS | N125: there would be around 10 of us and we would all be girls, all mums now we would talk about our family life and our childhood days and the fun we had and the memories we have of our old houses and our old neighbourhoods and people we know i guess we would talk about people who had passed away and raise a toast to them | O125: happy birthday to the beat of my heart, its a joy to be so close to you on your special day and to celebrate you today i wish you a joyful and happy day full of celebration and joy i will raise a toast to you in honour of being your wife we love you so much more than all the stars in the sky | P125: 4 | Q125: 4 | R125: 4 | S125: 3 | T125: 4 | U125: 3 | V125: 4 | W125: 2 | X125: 3 | Y125: 4 | Z125: 3 | AA125: 4 | AB125: 4 | AC125: 4 | AD125: 5 | AE125: 5 | AF125: 4 | AG125: 4 | AH125: 4 | AI125: 5 | AJ125: 4 | AK125: 4 | AL125: 4 | AM125: 4 | AN125: 4 | AO125: 5 | AP125: 5 | AQ125: 4 | AR125: 5 | AS125: 4 | AT125: 4 | AU125: 5 | AV125: 4 | AW125: 4 | AX125: 4 | AY125: 4 | AZ125: 4 | BA125: 5 | BB125: 5 | BC125: 5 | BD125: 5 | BE125: 4 | BF125: 5 | BG125: 4 | BH125: 5 | BI125: 5 | BJ125: 3 | BK125: 4 | BL125: 5 | BM125: 4 | BN125: 3 | BO125: 5 | BP125: 5 | BQ125: 5 | BR125: 4 | BS125: 3 | BT125: 4 | BU125: 5 | BV125: 4 | BW125: 4 | BY125: other | BZ125: Neutral | CA125: 0 | CB125: High | CC125: Love | CF125: 0 | CG125: 2 | CH125: Very Positive | CK125: Unknown | CL125: 1 | CM125: QID84
A126: 6509a48ff7809e6aba0cf5fa | B126: ="p"&ROW(A124) -> p124 | D126: 46002.792 | E126: 104.191.18.64 | F126: 100 | G126: 819 | H126: TRUE | I126: 46002.792 | J126: R_7NWKBkWfmNzCL8D | N126: I was thinking about the places we used to go to as children.Kiddie Land was one of those places.Do you remember all the rides and fun we had? Your dad and mom took us there and we had a ball. So much fun as I remember so well.I really look back on the things we did as kids,and appreciate them so much. | O126: Congrats on the birthday coming up. Can't believe that you are going to be 60. Sending love and prayers for a great day,with lots of family and presents. Remember, you are not getting older, just getting better. Just remember that I love you and wish you a wonderful day .Love to you always,baby. | P126: 5 | Q126: 4 | R126: 2 | S126: 5 | T126: 5 | U126: 5 | V126: 5 | W126: 2 | X126: 4 | Y126: 5 | Z126: 3 | AA126: 5 | AB126: 5 | AC126: 3 | AD126: 1 | AE126: 1 | AF126: 2 | AG126: 1 | AH126: 2 | AI126: 4 | AJ126: 2 | AK126: 5 | AL126: 4 | AM126: 2 | AN126: 5 | AO126: 2 | AP126: 5 | AQ126: 3 | AR126: 1 | AS126: 5 | AT126: 1 | AU126: 5 | AV126: 2 | AW126: 1 | AX126: 5 | AY126: 1 | AZ126: 5 | BA126: 5 | BB126: 5 | BC126: 5 | BD126: 1 | BE126: 5 | BF126: 4 | BG126: 5 | BH126: 5 | BI126: 1 | BJ126: 5 | BK126: 1 | BL126: 5 | BM126: 5 | BN126: 2 | BO126: 2 | BP126: 1 | BQ126: 5 | BR126: 5 | BS126: 3 | BT126: 1 | BU126: 1 | BV126: 5 | BW126: 4 | BY126: other | BZ126: Neutral | CA126: 0 | CB126: High | CC126: Mixed | CF126: 0 | CG126: 2 | CH126: Very Positive | CK126: Unknown | CL126: 1 | CM126: QID84
A127: 5755c957eb80c4000741a9ce | B127: ="p"&ROW(A125) -> p125 | D127: 46002.793 | E127: 90.251.246.52 | F127: 100 | G127: 451 | H127: TRUE | I127: 46002.793 | J127: R_2wghRxfmPOV4BJo | N127: Had a really wonderful time catching up with some folk I haven't seen in more years than I dare admit. It's wild that despite how much we change over the years, being together with those you knew so long ago pulls you right back in to how you acted back then. We really are defined by our environments. | O127: Happy birthday [name]! It's been another year where you've delighted me with your clever wit, impressed with me with your insights on the films we've watched together, and produced so many memorable original pieces of art. But above all that, what truly impresses me is your devotion and love for others, the selflessness, and the care you have. You truly deserve the very best both today and for the rest of the next year. | P127: 4 | Q127: 5 | R127: 5 | S127: 4 | T127: 3 | U127: 5 | V127: 3 | W127: 5 | X127: 1 | Y127: 5 | Z127: 2 | AA127: 4 | AB127: 3 | AC127: 3 | AD127: 1 | AE127: 4 | AF127: 4 | AG127: 3 | AH127: 3 | AI127: 1 | AJ127: 1 | AK127: 5 | AL127: 2 | AM127: 5 | AN127: 3 | AO127: 1 | AP127: 4 | AQ127: 3 | AR127: 4 | AS127: 5 | AT127: 3 | AU127: 5 | AV127: 5 | AW127: 2 | AX127: 5 | AY127: 4 | AZ127: 5 | BA127: 2 | BB127: 1 | BC127: 3 | BD127: 5 | BE127: 4 | BF127: 3 | BG127: 3 | BH127: 5 | BI127: 1 | BJ127: 3 | BK127: 5 | BL127: 2 | BM127: 5 | BN127: 2 | BO127: 4 | BP127: 2 | BQ127: 4 | BR127: 2 | BS127: 1 | BT127: 1 | BU127: 2 | BV127: 5 | BW127: 3 | BY127: other | BZ127: Neutral | CA127: 0 | CB127: High | CC127: Joy,Love,Trust | CF127: 0 | CG127: 2 | CH127: Very Positive | CK127: Unknown | CL127: 1 | CM127: QID84
A128: 5ef6308c40846d2dfca0b66a | B128: ="p"&ROW(A126) -> p126 | D128: 46002.794 | E128: 24.2.91.147 | F128: 100 | G128: 947 | H128: TRUE | I128: 46002.794 | J128: R_5wFABd6J5sRZPQQ | N128: I'm hanging out with some of my favorite people from my childhood. It is so much fun to catch up and see what everyone is up to these days. Many of us have been through a lot over the years. It's great to see everyone. Some of us have changed so much. There are a few that seem like they are exactly the same. We went to one of our old hangout spots. It was so much fun remembering all of the good times we had. | O128: Happy Birthday to my favorite human. You are amazing! Thank you for all you do. I hope your day is fantastic. My wish is to have many more birthdays together. Thank you for including me in your very special day. I wish you health and happiness on your birthday. I hope that your life is filled with joy. | P128: 4 | Q128: 5 | R128: 4 | S128: 4 | T128: 3 | U128: 5 | V128: 4 | W128: 3 | X128: 2 | Y128: 4 | Z128: 4 | AA128: 4 | AB128: 3 | AC128: 3 | AD128: 1 | AE128: 3 | AF128: 3 | AG128: 4 | AH128: 3 | AI128: 4 | AJ128: 1 | AK128: 4 | AL128: 3 | AM128: 3 | AN128: 4 | AO128: 2 | AP128: 3 | AQ128: 4 | AR128: 4 | AS128: 4 | AT128: 3 | AU128: 4 | AV128: 3 | AW128: 3 | AX128: 4 | AY128: 3 | AZ128: 4 | BA128: 4 | BB128: 3 | BC128: 4 | BD128: 2 | BE128: 4 | BF128: 4 | BG128: 4 | BH128: 4 | BI128: 3 | BJ128: 3 | BK128: 5 | BL128: 3 | BM128: 4 | BN128: 2 | BO128: 4 | BP128: 2 | BQ128: 4 | BR128: 4 | BS128: 1 | BT128: 2 | BU128: 2 | BV128: 4 | BW128: 4 | BY128: other | BZ128: Neutral | CA128: 0 | CB128: Low | CC128: Joy | CF128: 0 | CG128: 2 | CH128: Very Positive | CK128: Unknown | CL128: 1 | CM128: QID84
A129: 5ef5f74fb4a08f2676fb3aba | B129: ="p"&ROW(A127) -> p127 | D129: 46002.8 | E129: 165.120.115.170 | F129: 100 | G129: 1108 | H129: TRUE | I129: 46002.8 | J129: R_21XDA1yhvreCEBy | N129: It felt very nostalgic and after some time very comfortable and good fun. We visited the park in which we used to play and we often looked over to a local Pub called the Kings head and would talk about visiting this pub all together for a nice meal and drinks when we were old enough. The feels and smells brought back many childhood memories' | O129: CONGRATULATIONS HONEY!!!!! WOW!! When did you get so old? Just kidding. Seriously you are looking great for a 50 year old and I am so pleased to call you my husband and a great father to our two children that think the world of you too. Enjoy your day We have so much to celebrate and here's to many more birthdays spent together. | P129: 4 | Q129: 5 | R129: 2 | S129: 4 | T129: 4 | U129: 3 | V129: 4 | W129: 2 | X129: 2 | Y129: 4 | Z129: 5 | AA129: 4 | AB129: 4 | AC129: 4 | AD129: 1 | AE129: 2 | AF129: 1 | AG129: 3 | AH129: 1 | AI129: 2 | AJ129: 1 | AK129: 5 | AL129: 3 | AM129: 2 | AN129: 4 | AO129: 2 | AP129: 4 | AQ129: 3 | AR129: 2 | AS129: 4 | AT129: 2 | AU129: 3 | AV129: 2 | AW129: 3 | AX129: 3 | AY129: 3 | AZ129: 3 | BA129: 4 | BB129: 2 | BC129: 3 | BD129: 3 | BE129: 3 | BF129: 4 | BG129: 4 | BH129: 3 | BI129: 2 | BJ129: 3 | BK129: 4 | BL129: 3 | BM129: 3 | BN129: 2 | BO129: 4 | BP129: 2 | BQ129: 4 | BR129: 5 | BS129: 3 | BT129: 3 | BU129: 3 | BV129: 4 | BW129: 4 | BY129: other | BZ129: Neutral | CA129: 0 | CB129: Medium | CC129: Thankfulness,Joy | CF129: 0 | CG129: 2 | CH129: Very Positive | CK129: Unknown | CL129: 1 | CM129: QID84
A130: 57b6dfafe2d5a60001099543 | B130: ="p"&ROW(A128) -> p128 | D130: 46002.803 | E130: 109.108.156.52 | F130: 100 | G130: 809 | H130: TRUE | I130: 46002.803 | J130: R_2hzNhAQU6Ccg4XT | N130: Last night I reunited with my day ones. Best friends since school. Hadn't seen each other in ages but we picked up right where we left off. That's the sign of true friends. Laughed so much reminsicing about all the silly things we got up to in our younger days and thought about how much our lives have changed. There was something really grounding about being around people who knew you before you knew yourself. No pretence, no pressure â€” just genuine connection. | O130: Happy birthday to my hubby aka partner in life and the one whose always stood by me. Hope you have an amazing day and I can't wait to spoil you today! Thank you for all the love and little things you do for our family. We appreciate you a million and would be lost without you. May your year ahead be filled with even more love, laughs and amazing memories. | P130: 4 | Q130: 4 | R130: 2 | S130: 2 | T130: 5 | U130: 3 | V130: 5 | W130: 1 | X130: 4 | Y130: 5 | Z130: 4 | AA130: 4 | AB130: 5 | AC130: 2 | AD130: 1 | AE130: 1 | AF130: 1 | AG130: 1 | AH130: 1 | AI130: 4 | AJ130: 1 | AK130: 4 | AL130: 2 | AM130: 2 | AN130: 4 | AO130: 1 | AP130: 4 | AQ130: 3 | AR130: 1 | AS130: 3 | AT130: 2 | AU130: 5 | AV130: 1 | AW130: 1 | AX130: 4 | AY130: 1 | AZ130: 4 | BA130: 3 | BB130: 5 | BC130: 2 | BD130: 1 | BE130: 4 | BF130: 5 | BG130: 5 | BH130: 3 | BI130: 1 | BJ130: 4 | BK130: 3 | BL130: 5 | BM130: 5 | BN130: 1 | BO130: 2 | BP130: 3 | BQ130: 5 | BR130: 5 | BS130: 2 | BT130: 2 | BU130: 1 | BV130: 4 | BW130: 4 | BY130: other | BZ130: Neutral | CA130: 0 | CB130: High | CC130: Love | CF130: 0 | CG130: 2 | CH130: Very Positive | CK130: Unknown | CL130: 1 | CM130: QID84
A131: 672e4bec60ab7fbffe5272d5 | B131: ="p"&ROW(A129) -> p129 | D131: 46002.811 | E131: 31.55.107.75 | F131: 100 | G131: 2581 | H131: TRUE | I131: 46002.811 | J131: R_8tBin2gI8G1yOBj | N131: After so many years, we finally met up, there was a whole lot of catching up and fun, kinda took me back to the old days, I kinda felt yound again, felt like we never should have grown up. It was really fun to reconnect and discuss on how far we have come, we really have come a long way. | O131: Happy Birthday to one of the best things that has happened to me in recent times, when I count my blessing I count you twice and I'm not exaggerating, You have literally become a very important part of me and I dont feel like I can do without you, I'm sorry I'm beginning to make this about me but I guess that what they mean when I say "You have become a part of me", I'm really happy to have met you and I would do this over and over again, even in another life. Happy birthday once again my love, | P131: 3 | Q131: 4 | R131: 3 | S131: 4 | T131: 4 | U131: 3 | V131: 3 | W131: 2 | X131: 1 | Y131: 4 | Z131: 4 | AA131: 4 | AB131: 4 | AC131: 4 | AD131: 2 | AE131: 4 | AF131: 3 | AG131: 4 | AH131: 3 | AI131: 4 | AJ131: 2 | AK131: 4 | AL131: 2 | AM131: 3 | AN131: 4 | AO131: 1 | AP131: 4 | AQ131: 4 | AR131: 1 | AS131: 5 | AT131: 1 | AU131: 5 | AV131: 2 | AW131: 4 | AX131: 3 | AY131: 1 | AZ131: 3 | BA131: 3 | BB131: 2 | BC131: 4 | BD131: 2 | BE131: 3 | BF131: 3 | BG131: 2 | BH131: 4 | BI131: 4 | BJ131: 3 | BK131: 2 | BL131: 3 | BM131: 5 | BN131: 3 | BO131: 5 | BP131: 2 | BQ131: 4 | BR131: 4 | BS131: 4 | BT131: 3 | BU131: 3 | BV131: 5 | BW131: 4 | BY131: other | BZ131: Easy | CA131: 1 | CB131: High | CC131: Joy | CF131: 0 | CG131: 0 | CH131: Mixed | CK131: Unknown | CL131: 1 | CM131: QID84
A132: 5c5d36bc034e280001644c3b | B132: ="p"&ROW(A130) -> p130 | D132: 46002.826 | E132: 31.125.83.11 | F132: 100 | G132: 822 | H132: TRUE | I132: 46002.826 | J132: R_2Ojyo9Eu6BlV6SE | N132: we had the most amazing time reliving our childhood, How fast time has passed and even though we all did different thing, went in different directions seeing you all just sent me straight back to primary school days, it was like we were back there and the future had not happened, hope you all felt the same, Thanks guys u r the best Xx | O132: Another year, another birthday, Another year, another laughter line, Another year, another grey hair, Another year, another ? Happy birthday Darling Xx Hope its a good one, To all family and freinds hope you are all able to join us and help us celebrate this 21 again birthday, lol. meeting at the usual place around 7pm, no dress code :) | P132: 4 | Q132: 4 | R132: 3 | S132: 4 | T132: 3 | U132: 3 | V132: 3 | W132: 2 | X132: 2 | Y132: 4 | Z132: 3 | AA132: 4 | AB132: 3 | AC132: 3 | AD132: 1 | AE132: 2 | AF132: 2 | AG132: 2 | AH132: 4 | AI132: 2 | AJ132: 2 | AK132: 4 | AL132: 3 | AM132: 3 | AN132: 3 | AO132: 4 | AP132: 3 | AQ132: 3 | AR132: 2 | AS132: 4 | AT132: 2 | AU132: 3 | AV132: 2 | AW132: 3 | AX132: 3 | AY132: 2 | AZ132: 4 | BA132: 3 | BB132: 4 | BC132: 4 | BD132: 3 | BE132: 4 | BF132: 3 | BG132: 3 | BH132: 3 | BI132: 3 | BJ132: 3 | BK132: 3 | BL132: 4 | BM132: 3 | BN132: 3 | BO132: 3 | BP132: 2 | BQ132: 3 | BR132: 3 | BS132: 2 | BT132: 1 | BU132: 2 | BV132: 4 | BW132: 4 | BY132: other | BZ132: Neutral | CA132: 0 | CB132: High | CC132: Love | CF132: 0 | CG132: 0 | CH132: Mixed | CK132: Unknown | CL132: 1 | CM132: QID84
A133: 660dd503e5fe51271b447a4c | B133: ="p"&ROW(A131) -> p131 | D133: 46004.769 | E133: 172.56.100.150 | F133: 100 | G133: 440 | H133: TRUE | I133: 46004.769 | J133: R_6hELisVdVoEpDJJ | N133: It was really great to see Jim, John and Jon tonight. It has been a very long time since we got all of us in a room together!!! Hopefully it won't be as long until the next time this happens and maybe we can bring our instruments and jam! That would be so awesome, we'll definitely have to make it happen! Miss you guys and please keep in touch! | O133: Happy Birthday! It has been a great year and so looking forward to many many more! Thanks for all that you do for us! We'll have to make some time to properly celebrate your 18th birthday, again....lol. Can't wait to see you soon! Hopefully, you get out of work on time so we can do dinner or something tonight!! | P133: 4 | Q133: 5 | R133: 5 | S133: 4 | T133: 5 | U133: 5 | V133: 5 | W133: 2 | X133: 4 | Y133: 3 | Z133: 5 | AA133: 3 | AB133: 5 | AC133: 5 | AD133: 1 | AE133: 1 | AF133: 1 | AG133: 1 | AH133: 2 | AI133: 4 | AJ133: 1 | AK133: 3 | AL133: 2 | AM133: 2 | AN133: 4 | AO133: 2 | AP133: 5 | AQ133: 5 | AR133: 1 | AS133: 3 | AT133: 2 | AU133: 5 | AV133: 1 | AW133: 1 | AX133: 2 | AY133: 1 | AZ133: 5 | BA133: 4 | BB133: 5 | BC133: 3 | BD133: 3 | BE133: 5 | BF133: 5 | BG133: 5 | BH133: 5 | BI133: 4 | BJ133: 5 | BK133: 3 | BL133: 5 | BM133: 5 | BN133: 1 | BO133: 1 | BP133: 4 | BQ133: 5 | BR133: 5 | BS133: 4 | BT133: 3 | BU133: 1 | BV133: 5 | BW133: 5 | BY133: other | BZ133: Neutral | CA133: 0 | CB133: High | CC133: Love | CF133: 0 | CG133: 2 | CH133: Very Positive | CK133: Unknown | CL133: 1 | CM133: QID84
A134: 642ef01a04c9f327767cde23 | B134: ="p"&ROW(A132) -> p132 | D134: 46004.77 | E134: 5.67.129.92 | F134: 100 | G134: 548 | H134: TRUE | I134: 46004.77 | J134: R_2dmkpmnwDEqj8yZ | N134: Amazing time with lifelong friends. Perfect setting with our favourite Indian restaurant booked out, gorging on delicious food, remembering happy times we have had together. time for laughter and some reflection as we think of those who are no longer with us. Life is great is is worth living | O134: Who would have thought another year has passed.....and when did you get so old!! Only kidding my love, your only as old as you feel, so in your case around 60? Flattery to one side, have an amazing Birthday, you truely are a special person, loved by many. You are my soul mate, my one true love | P134: 4 | Q134: 3 | R134: 2 | S134: 5 | T134: 2 | U134: 5 | V134: 3 | W134: 2 | X134: 3 | Y134: 5 | Z134: 2 | AA134: 4 | AB134: 4 | AC134: 2 | AD134: 1 | AE134: 2 | AF134: 2 | AG134: 3 | AH134: 2 | AI134: 3 | AJ134: 2 | AK134: 4 | AL134: 2 | AM134: 2 | AN134: 4 | AO134: 2 | AP134: 4 | AQ134: 3 | AR134: 2 | AS134: 5 | AT134: 2 | AU134: 4 | AV134: 3 | AW134: 2 | AX134: 4 | AY134: 2 | AZ134: 4 | BA134: 2 | BB134: 4 | BC134: 3 | BD134: 2 | BE134: 5 | BF134: 3 | BG134: 3 | BH134: 4 | BI134: 2 | BJ134: 3 | BK134: 3 | BL134: 3 | BM134: 4 | BN134: 2 | BO134: 3 | BP134: 2 | BQ134: 3 | BR134: 3 | BS134: 2 | BT134: 2 | BU134: 3 | BV134: 4 | BW134: 3 | BY134: other | BZ134: Neutral | CA134: 0 | CB134: High | CC134: Love | CF134: 0 | CG134: 0 | CH134: Mixed | CK134: Unknown | CL134: 1 | CM134: QID84
A135: 6693cc5c2454061c0414ee05 | B135: ="p"&ROW(A133) -> p133 | D135: 46004.771 | E135: 95.146.252.77 | F135: 100 | G135: 596 | H135: TRUE | I135: 46004.771 | J135: R_8n5UGE3UJIfkFJO | N135: This weekend, I reconnected with some old friends who I've known my whole life, since we all went to the same primary school. We enjoyed different food platters that each person bought and ended the night with some hot chocolate to reminisce our Christmas times back in school. see you soon. | O135: Congratulations, I hope the best for the family and i cant wait to see all of you soon. I remember it as only being yesterday when we were in college and now you've already reached 40. We'll have a big dinner and catch up over some coffee but, what flavour cake do you like, i was thinking of making a carrot cake. | P135: 5 | Q135: 3 | R135: 2 | S135: 2 | T135: 4 | U135: 5 | V135: 5 | W135: 1 | X135: 4 | Y135: 5 | Z135: 3 | AA135: 5 | AB135: 5 | AC135: 2 | AD135: 2 | AE135: 1 | AF135: 2 | AG135: 3 | AH135: 1 | AI135: 1 | AJ135: 1 | AK135: 4 | AL135: 5 | AM135: 1 | AN135: 5 | AO135: 1 | AP135: 4 | AQ135: 3 | AR135: 1 | AS135: 4 | AT135: 1 | AU135: 4 | AV135: 2 | AW135: 3 | AX135: 4 | AY135: 1 | AZ135: 4 | BA135: 5 | BB135: 5 | BC135: 3 | BD135: 1 | BE135: 5 | BF135: 2 | BG135: 5 | BH135: 4 | BI135: 1 | BJ135: 5 | BK135: 2 | BL135: 4 | BM135: 5 | BN135: 1 | BO135: 2 | BP135: 1 | BQ135: 5 | BR135: 5 | BS135: 1 | BT135: 3 | BU135: 1 | BV135: 5 | BW135: 2 | BY135: other | BZ135: Neutral | CA135: 0 | CB135: None | CC135: None | CF135: 0 | CG135: 0 | CH135: Mixed | CK135: Unknown | CL135: 1 | CM135: QID84

Sheet 133_answers_after_handling_neg
D1: 1 | E1: 2 | F1: 3 | G1: 4 | H1: 5 | I1: 6 | J1: 7 | K1: 8 | L1: 9 | M1: 10 | N1: 11 | O1: 12 | P1: 13 | Q1: 14 | R1: 15 | S1: 16 | T1: 17 | U1: 18 | V1: 19 | W1: 20 | X1: 21 | Y1: 22 | Z1: 23 | AA1: 24 | AB1: 25 | AC1: 26 | AD1: 27 | AE1: 28 | AF1: 29 | AG1: 30 | AH1: 31 | AI1: 32 | AJ1: 33 | AK1: 34 | AL1: 35 | AM1: 36 | AN1: 37 | AO1: 38 | AP1: 39 | AQ1: 40 | AR1: 41 | AS1: 42 | AT1: 43 | AU1: 44 | AV1: 45 | AW1: 46 | AX1: 47 | AY1: 48 | AZ1: 49 | BA1: 50 | BB1: 51 | BC1: 52 | BD1: 53 | BE1: 54 | BF1: 55 | BG1: 56 | BH1: 57 | BI1: 58 | BJ1: 59 | BK1: 60
B2: traits (neg + pos questions) | D2: A | E2: O | F2: N | G2: A | H2: C | I2: O | J2: E | K2: N | L2: E | M2: A | N2: C | O2: A | P2: E | Q2: N | R2: A (Low) | S2: N | T2: C (Low) | U2: E (Low) | V2: N | W2: N (Low) | X2: O (Low) | Y2: A (Low) | Z2: C (Low) | AA2: N | AB2: N (Low) | AC2: O (Low) | AD2: O | AE2: C | AF2: E (Low) | AG2: A | AH2: N | AI2: O | AJ2: C (Low) | AK2: E (Low) | AL2: A | AM2: N | AN2: O | AO2: C | AP2: E | AQ2: A | AR2: N | AS2: O | AT2: C | AU2: E | AV2: A | AW2: N | AX2: E | AY2: O | AZ2: C | BA2: O | BB2: C (Low) | BC2: E (Low) | BD2: A (Low) | BE2: E | BF2: C | BG2: O (Low) | BH2: A (Low) | BI2: E (Low) | BJ2: O | BK2: C
A3: # | B3: Imagine you were in a social gathering with your childhood friends. Write a hypothetical social media post about this event. | C3: Your significant other is having a birthday. Write them a social media post that congratulates them. | D3: I accept people the way they are. | E3: I believe in the importance of art. | F3: My moods change easily. | G3: I take care of other people before taking care of myself. | H3: I am always prepared. | I3: I have a vivid imagination. | J3: I feel comfortable around people. | K3: I often feel blue. | L3: I am the life of the party. | M3: I treat everyone with kindness and sympathy. | N3: I get chores done right away. | O3: I have a kind word for everyone. | P3: I am skilled in handling social situations. | Q3: I often feel anxious about what could go wrong. | R3: I start arguments just for the fun of it. | S3: I often worry that I am not good enough. | T3: I find it difficult to get to work. | U3: I stay in the background. | V3: There are many things that I do not like about myself. | W3: I seldom feel blue. | X3: I do not like art. | Y3: I stop what I am doing to help other people. | Z3: I change my plans frequently. | AA3: I am often troubled by negative thoughts. | AB3: I feel comfortable with myself. | AC3: I avoid philosophical discussions. | AD3: Original | AE3: Systematic | AF3: Shy | AG3: Soft-Hearted | AH3: Tense | AI3: Inquisitive | AJ3: Forgetful | AK3: Reserved | AL3: Agreeable | AM3: Nervous | AN3: Creative | AO3: Self-Disciplined | AP3: Outgoing | AQ3: Charitable | AR3: Moody | AS3: Imaginative | AT3: Organized | AU3: Talkative | AV3: Humble | AW3: Pessimistic | AX3: I have a lot to say. | AY3: I enjoy going to art museums. | AZ3: I always make good use of my time. | BA3: I am interested in the meaning of things. | BB3: I avoid taking on a lot of responsibility. | BC3: I don't like to draw attention to myself. | BD3: I feel I am better than other people. | BE3: I make friends easily. | BF3: I make plans and stick to them. | BG3: I am not interested in abstract ideas. | BH3: I criticize other people. | BI3: I don't talk a lot. | BJ3: I enjoy hearing new ideas. | BK3: It’s important to me that people are on time. | BL3: PROLIFIC_PID | BM3: Recorded_time
A4: P. 1 | B4: Hey guys!!! guess who we have here today??? My childhood friends came over. Oh my God, i have really missed them, i saw them last about 8 years ago but we've always been in communication. I'm so happy to see them and i can't wait to update you guys on the plans we have to catch up. Stay tuned! | C4: Happy birthday to the love of my life. I can't imagine what my life could have been without you, you brought colors into my life. On this big day of yours, i wish you heavens choicest blessings and i pray all your hear desires are granted. I love you so much and i hope i make you happy as much as you make me | D4: 4 | E4: 5 | F4: 5 | G4: 2 | H4: 4 | I4: 4 | J4: 2 | K4: 3 | L4: 2 | M4: 4 | N4: 3 | O4: 4 | P4: 3 | Q4: 5 | R4: 4 | S4: 3 | T4: 4 | U4: 2 | V4: 3 | W4: 1 | X4: 5 | Y4: 3 | Z4: 3 | AA4: 4 | AB4: 2 | AC4: 3 | AD4: 3 | AE4: 3 | AF4: 1 | AG4: 5 | AH4: 5 | AI4: 4 | AJ4: 2 | AK4: 1 | AL4: 4 | AM4: 5 | AN4: 4 | AO4: 5 | AP4: 2 | AQ4: 5 | AR4: 4 | AS4: 4 | AT4: 5 | AU4: 2 | AV4: 5 | AW4: 3 | AX4: 3 | AY4: 5 | AZ4: 4 | BA4: 5 | BB4: 3 | BC4: 3 | BD4: 4 | BE4: 5 | BF4: 5 | BG4: 5 | BH4: 5 | BI4: 5 | BJ4: 5 | BK4: 5 | BL4: 66f4147ffea1a6689de3a7ac | BM4: 45574.87
A5: P. 2 | B5: Wow. Having a great time catching up with old childhood friends after over 50 years! We haven't changed a bit 😉😂. Other than having several marriages, 18 children and 7 grandchildren between us. Life has definitely been a journey and pretty good to all of us 🥰. Lets not leave it another 50 years to catch up ❤❤ | C5: Happy Birthday to this amazing man who I'm so proud to call my husband and father of my chidren. Hope you have an absolutely brilliant day and so glad i get to share it with you. You're definitely like a fine wine and get better and better with each passing year. All my love forever and always ❤ | D5: 4 | E5: 5 | F5: 5 | G5: 5 | H5: 1 | I5: 5 | J5: 3 | K5: 4 | L5: 3 | M5: 4 | N5: 2 | O5: 4 | P5: 4 | Q5: 4 | R5: 5 | S5: 5 | T5: 3 | U5: 3 | V5: 4 | W5: 1 | X5: 5 | Y5: 2 | Z5: 1 | AA5: 4 | AB5: 4 | AC5: 5 | AD5: 3 | AE5: 4 | AF5: 4 | AG5: 5 | AH5: 4 | AI5: 5 | AJ5: 1 | AK5: 3 | AL5: 4 | AM5: 3 | AN5: 4 | AO5: 2 | AP5: 3 | AQ5: 3 | AR5: 4 | AS5: 5 | AT5: 2 | AU5: 4 | AV5: 4 | AW5: 2 | AX5: 4 | AY5: 4 | AZ5: 2 | BA5: 5 | BB5: 4 | BC5: 3 | BD5: 5 | BE5: 3 | BF5: 1 | BG5: 5 | BH5: 5 | BI5: 4 | BJ5: 5 | BK5: 3 | BL5: 5dc5ab2bd9873541c1569918 | BM5: 45574.872
A6: P. 3 | B6: An unforgettable day with childhood friends! A magical day reminicising together and catching up after so long. Doesn’t matter how long it’s been we all slot back together like no time has passed at all. Watching our kids play together and seeing the cycles of life begin all over again is so emotional. Love you all xx #westhillgang #pyegreenmassive #childhood #friends | C6: Happy Birthday to my best friend, the best husband and dad in the world! I’ve celebrated 13 of your birthdays with you and every day in between and for all the chats and hugs, the love, the tough times, it is never ever enough. I look forward to seeing you every morning, I can’t wait to see you after work every day. The love of my life, I am so in love with you. Happy Birthday, my love xxx | D6: 4 | E6: 5 | F6: 2 | G6: 5 | H6: 3 | I6: 2 | J6: 1 | K6: 5 | L6: 1 | M6: 4 | N6: 4 | O6: 3 | P6: 1 | Q6: 5 | R6: 5 | S6: 5 | T6: 2 | U6: 2 | V6: 5 | W6: 1 | X6: 5 | Y6: 1 | Z6: 4 | AA6: 5 | AB6: 5 | AC6: 5 | AD6: 3 | AE6: 3 | AF6: 2 | AG6: 5 | AH6: 5 | AI6: 4 | AJ6: 4 | AK6: 2 | AL6: 3 | AM6: 5 | AN6: 4 | AO6: 1 | AP6: 1 | AQ6: 5 | AR6: 2 | AS6: 4 | AT6: 5 | AU6: 3 | AV6: 4 | AW6: 2 | AX6: 4 | AY6: 5 | AZ6: 2 | BA6: 4 | BB6: 4 | BC6: 1 | BD6: 4 | BE6: 1 | BF6: 3 | BG6: 4 | BH6: 3 | BI6: 1 | BJ6: 3 | BK6: 2 | BL6: 6139bb7008f1e7f556c8b7d2 | BM6: 45574.873
A7: P. 4 | B7: time flies by, I cant believe its been so long since we all met, had so much fun seeing you all again and catching up. I remember when we used to go out on our bikes for hours now we all have our own house's. its crazy. we should make this an annual thing every year. none of you have changed! | C7: Happpy Birthdayyyy. I hope your day is filled with all the things you love and your favorite people. This last year has been amazing and i cant wait to celebrate every birthday with you, even when we are old we'll still have each others company. Love you and cant wait to celebrate this day with you. | D7: 3 | E7: 4 | F7: 4 | G7: 1 | H7: 1 | I7: 5 | J7: 3 | K7: 3 | L7: 3 | M7: 4 | N7: 1 | O7: 1 | P7: 2 | Q7: 5 | R7: 5 | S7: 4 | T7: 4 | U7: 3 | V7: 5 | W7: 3 | X7: 5 | Y7: 4 | Z7: 2 | AA7: 4 | AB7: 3 | AC7: 5 | AD7: 3 | AE7: 4 | AF7: 2 | AG7: 3 | AH7: 4 | AI7: 5 | AJ7: 3 | AK7: 3 | AL7: 4 | AM7: 4 | AN7: 4 | AO7: 1 | AP7: 3 | AQ7: 1 | AR7: 3 | AS7: 5 | AT7: 1 | AU7: 3 | AV7: 2 | AW7: 1 | AX7: 3 | AY7: 1 | AZ7: 1 | BA7: 4 | BB7: 3 | BC7: 1 | BD7: 5 | BE7: 3 | BF7: 1 | BG7: 5 | BH7: 4 | BI7: 4 | BJ7: 5 | BK7: 2 | BL7: 62df57db36c1085c48f8d86c | BM7: 45574.869
A8: P. 5 | B8: Day 1s! We finally met up after so long - It was so lovely to catch up with all of you. It has been way too long since we last saw each other, and it really good to hear that you're all doing well. So much has changed since we used to see each other daily, but somehow it feels like no time has passed when we got back togehter Let me know when you're all back in town - we can hang out again. | C8: Happy birthday!! I hope you had an amazing day with friends and family - and thank you for letting me share it with you. I'm so proud of all you've achieved this past year. It has been full of many great times and I'm sure the next year will be full of lots of new opportunities. I look forward to spending the next year with you See you later today! | D8: 5 | E8: 5 | F8: 4 | G8: 4 | H8: 2 | I8: 5 | J8: 2 | K8: 4 | L8: 2 | M8: 4 | N8: 1 | O8: 3 | P8: 2 | Q8: 4 | R8: 5 | S8: 5 | T8: 1 | U8: 4 | V8: 4 | W8: 1 | X8: 5 | Y8: 2 | Z8: 2 | AA8: 4 | AB8: 3 | AC8: 5 | AD8: 3 | AE8: 2 | AF8: 2 | AG8: 4 | AH8: 5 | AI8: 4 | AJ8: 2 | AK8: 4 | AL8: 4 | AM8: 5 | AN8: 5 | AO8: 2 | AP8: 2 | AQ8: 3 | AR8: 4 | AS8: 5 | AT8: 1 | AU8: 3 | AV8: 3 | AW8: 3 | AX8: 4 | AY8: 5 | AZ8: 2 | BA8: 5 | BB8: 4 | BC8: 3 | BD8: 3 | BE8: 2 | BF8: 4 | BG8: 5 | BH8: 3 | BI8: 5 | BJ8: 5 | BK8: 2 | BL8: 5de401d34c451d000a669419 | BM8: 45574.869
A9: P. 6 | B9: went to a great birthday party today at the drummond park animal experience centre with ash, jen, jodie jake, alex and all the rest of the crew. loved watching the monkeys antics. the lion cubs were so cute. alex ate too much cake and looked alittle green jake punched him in the stomach to sicee if he could make him sick .. | C9: wow! another landmark birthday. we are all so looking forward to your birthday bash at Fisher's restaurant. can't believe you've come this far despite all the hoops you've had to jump through in the past few years, what an achievement well done you. I know you said no presents but well suspect there may still be one or two surprises | D9: 4 | E9: 4 | F9: 2 | G9: 3 | H9: 3 | I9: 4 | J9: 2 | K9: 2 | L9: 1 | M9: 3 | N9: 3 | O9: 3 | P9: 2 | Q9: 2 | R9: 4 | S9: 3 | T9: 3 | U9: 3 | V9: 4 | W9: 4 | X9: 4 | Y9: 2 | Z9: 2 | AA9: 3 | AB9: 3 | AC9: 3 | AD9: 4 | AE9: 3 | AF9: 2 | AG9: 2 | AH9: 2 | AI9: 4 | AJ9: 4 | AK9: 2 | AL9: 4 | AM9: 3 | AN9: 4 | AO9: 2 | AP9: 2 | AQ9: 4 | AR9: 1 | AS9: 4 | AT9: 3 | AU9: 3 | AV9: 3 | AW9: 1 | AX9: 3 | AY9: 4 | AZ9: 3 | BA9: 4 | BB9: 3 | BC9: 4 | BD9: 3 | BE9: 4 | BF9: 3 | BG9: 4 | BH9: 3 | BI9: 3 | BJ9: 4 | BK9: 3 | BL9: 577e3a5025cb71000128727e | BM9: 45574.87
A10: P. 7 | B10: We spent the evening around my house, me and my 4 friends. We love spending time together and chilling out. Once they came here we spent the evening wining and dining. I must stay i think i out done myself with the cooking autumn soup with homemade bread for starters, steak and sides for main and sticky toffee pudding for dessert. Alongside we drank many bottes of wine and had many shots. Feeling it today haha! | C10: Happy birthday, hope you have the best day ever XX I cherish all our memories together and enjoyed our 6 year relationship every day is a blessing spending it with you. Love you forever and always xx Your the most and gentle person ever and make me the happiest girl alive. The love you give me is the best | D10: 3 | E10: 2 | F10: 4 | G10: 3 | H10: 4 | I10: 4 | J10: 4 | K10: 3 | L10: 2 | M10: 3 | N10: 3 | O10: 2 | P10: 2 | Q10: 4 | R10: 4 | S10: 3 | T10: 4 | U10: 3 | V10: 3 | W10: 3 | X10: 4 | Y10: 3 | Z10: 3 | AA10: 2 | AB10: 3 | AC10: 4 | AD10: 2 | AE10: 2 | AF10: 4 | AG10: 3 | AH10: 3 | AI10: 2 | AJ10: 3 | AK10: 3 | AL10: 2 | AM10: 3 | AN10: 2 | AO10: 3 | AP10: 3 | AQ10: 3 | AR10: 3 | AS10: 3 | AT10: 3 | AU10: 3 | AV10: 2 | AW10: 2 | AX10: 3 | AY10: 2 | AZ10: 3 | BA10: 3 | BB10: 4 | BC10: 3 | BD10: 3 | BE10: 3 | BF10: 3 | BG10: 2 | BH10: 3 | BI10: 5 | BJ10: 3 | BK10: 4 | BL10: 6136001fcd0e07e6f5f66bc1 | BM10: 45574.868
A11: P. 8 | B11: Lovely to catch up with some old friends and reminisce on childhood memories! It's crazy to see how much everybody has grown and achieved in life and where their paths have taken them. I love days like these, hope to catch up with you all again sometime soon and make more brilliant memories ❤️ | C11: To the love of my life, I hope you have the best day and make the best memories! Thank you for making the world a happier place and staying by my side. I'd be lost without you, don't ever change! I love you with all of my heart, always ❤️ happy birthday my love, here is to many more together xxx | D11: 4 | E11: 3 | F11: 4 | G11: 4 | H11: 2 | I11: 3 | J11: 2 | K11: 4 | L11: 2 | M11: 4 | N11: 2 | O11: 4 | P11: 2 | Q11: 5 | R11: 5 | S11: 5 | T11: 3 | U11: 2 | V11: 5 | W11: 2 | X11: 2 | Y11: 2 | Z11: 2 | AA11: 5 | AB11: 4 | AC11: 3 | AD11: 3 | AE11: 3 | AF11: 2 | AG11: 4 | AH11: 4 | AI11: 4 | AJ11: 2 | AK11: 2 | AL11: 3 | AM11: 4 | AN11: 2 | AO11: 3 | AP11: 4 | AQ11: 4 | AR11: 3 | AS11: 2 | AT11: 2 | AU11: 3 | AV11: 3 | AW11: 3 | AX11: 3 | AY11: 2 | AZ11: 2 | BA11: 4 | BB11: 2 | BC11: 2 | BD11: 5 | BE11: 2 | BF11: 2 | BG11: 3 | BH11: 4 | BI11: 3 | BJ11: 3 | BK11: 3 | BL11: 6658c5cc20f33b713aa2592d | BM11: 45574.868
A12: P. 9 | B12: Had the best time ca tching up with my chilidhood friends last night! It’s amazing how, despite t he years, we fall riight back into those silly jokes and shared memories. From playing games in the backyard to reminis cing about our wild adventures, it was a great reminder of the b onds that shaped us | C12: Happy Birtihday to the love of my life! i’m so grateful for every moment we share together. You bring so mucih joy and laughter into my world. I can’t wait to celebrate you today and make more amazinng memories! Here’s to another year of love, adventure, and all your dreams coming true. You deserve the best! | D12: 5 | E12: 5 | F12: 4 | G12: 5 | H12: 5 | I12: 5 | J12: 4 | K12: 1 | L12: 5 | M12: 5 | N12: 4 | O12: 5 | P12: 5 | Q12: 5 | R12: 5 | S12: 1 | T12: 5 | U12: 1 | V12: 1 | W12: 1 | X12: 5 | Y12: 1 | Z12: 3 | AA12: 1 | AB12: 2 | AC12: 2 | AD12: 5 | AE12: 4 | AF12: 5 | AG12: 5 | AH12: 5 | AI12: 2 | AJ12: 1 | AK12: 1 | AL12: 4 | AM12: 1 | AN12: 5 | AO12: 5 | AP12: 4 | AQ12: 5 | AR12: 1 | AS12: 5 | AT12: 5 | AU12: 1 | AV12: 5 | AW12: 1 | AX12: 5 | AY12: 4 | AZ12: 5 | BA12: 5 | BB12: 1 | BC12: 5 | BD12: 1 | BE12: 5 | BF12: 4 | BG12: 5 | BH12: 1 | BI12: 5 | BJ12: 5 | BK12: 5 | BL12: 667ac1826ce22f03fab354c3 | BM12: 45574.874
A13: P. 10 | B13: Just got back from a reunion with some friends from back home! These guys always had my back, except when it comes to telling me I'm any good at bowling or mini golf :0 Then again, the drinks probably messed my aim up a litttle bit. Hope to see you guys soon!! Keep it real @xComedyCheesex @Crazygamer05 @7evenup | C13: To this beautiful girl who was a stranger up until 10 months ago, happy birthday my love, I hope that we can spend many more together! P.S. Don't tell anyone I forgot the cake and had to ask you to bake us another one to save myself from the embarassment. Love you lots! Have the best birthday ever &lt;3 | D13: 5 | E13: 5 | F13: 4 | G13: 4 | H13: 3 | I13: 4 | J13: 5 | K13: 4 | L13: 4 | M13: 4 | N13: 2 | O13: 3 | P13: 4 | Q13: 3 | R13: 5 | S13: 4 | T13: 3 | U13: 5 | V13: 2 | W13: 2 | X13: 5 | Y13: 4 | Z13: 3 | AA13: 2 | AB13: 3 | AC13: 5 | AD13: 5 | AE13: 4 | AF13: 5 | AG13: 3 | AH13: 2 | AI13: 4 | AJ13: 2 | AK13: 2 | AL13: 4 | AM13: 2 | AN13: 5 | AO13: 3 | AP13: 5 | AQ13: 2 | AR13: 2 | AS13: 5 | AT13: 4 | AU13: 4 | AV13: 4 | AW13: 2 | AX13: 4 | AY13: 4 | AZ13: 2 | BA13: 5 | BB13: 4 | BC13: 5 | BD13: 3 | BE13: 3 | BF13: 3 | BG13: 5 | BH13: 3 | BI13: 4 | BJ13: 5 | BK13: 4 | BL13: 6416533bd4ee6639c3df6040 | BM13: 45574.87
A14: P. 11 | B14: Such a great night with this incredible bunch, but I'm feeling it this morning! Everyone needs those friends who know you so well, who'll see you through anything and everything. And no matter how old we get are still up for a good girls night out, even if it now takes us two days to recover! Night at Sixways is always the best, love this place, and Love you all 😘😘 | C14: It's official, he's getting older! Happy birthday to my gorgeous husband, another year old and not any wiser! The kindest, funniest soul I will ever meet, and the most amazing dog Dad you could ever find. Looking forward to spoiling you rotten today - and maybe a few surprises this weekend! Happy birthday favourite human xoxo | D14: 5 | E14: 4 | F14: 3 | G14: 5 | H14: 4 | I14: 4 | J14: 5 | K14: 2 | L14: 4 | M14: 4 | N14: 3 | O14: 4 | P14: 5 | Q14: 2 | R14: 5 | S14: 4 | T14: 4 | U14: 5 | V14: 4 | W14: 4 | X14: 5 | Y14: 2 | Z14: 4 | AA14: 2 | AB14: 2 | AC14: 5 | AD14: 4 | AE14: 3 | AF14: 4 | AG14: 4 | AH14: 2 | AI14: 5 | AJ14: 3 | AK14: 5 | AL14: 4 | AM14: 1 | AN14: 3 | AO14: 4 | AP14: 5 | AQ14: 4 | AR14: 1 | AS14: 4 | AT14: 4 | AU14: 5 | AV14: 3 | AW14: 2 | AX14: 5 | AY14: 5 | AZ14: 4 | BA14: 5 | BB14: 4 | BC14: 5 | BD14: 3 | BE14: 5 | BF14: 4 | BG14: 5 | BH14: 5 | BI14: 5 | BJ14: 4 | BK14: 3 | BL14: 5966f6c744b2d20001defeec | BM14: 45574.867
A15: P. 12 | B15: having a brill time at the reunion, saw lots of faces i've not seen in a longggggg time. we mustn't leave it so long next time. just waiting for the karaoke to begin so i can impress everyone with a bit of Enrique ! I hope everyone doesn't leave the room when I start singing otherwise i'll never dare pick up a microphone ever again. Talking about old times at school was a blast....rekindled many good memories. | C15: Happy Birthday to Khaleesy ! Hope you liked the flowers babe, I'll see you when I get home ....expect the princess treatment !!! love you xxxxx You always say that my messages on here are too short so i'm making an effort to write you a longgggggggggggggggggg one this time hahaha happy birthday to you, happy birthday to you, happy birthday Khaleesy, Happy Birthday too youuuuuuuuuuuuuu....uuuuuuuu xxxxx | D15: 4 | E15: 4 | F15: 2 | G15: 4 | H15: 4 | I15: 5 | J15: 4 | K15: 3 | L15: 4 | M15: 4 | N15: 3 | O15: 3 | P15: 4 | Q15: 3 | R15: 5 | S15: 3 | T15: 3 | U15: 3 | V15: 3 | W15: 2 | X15: 4 | Y15: 2 | Z15: 3 | AA15: 3 | AB15: 3 | AC15: 3 | AD15: 3 | AE15: 3 | AF15: 5 | AG15: 4 | AH15: 3 | AI15: 4 | AJ15: 3 | AK15: 4 | AL15: 4 | AM15: 3 | AN15: 4 | AO15: 4 | AP15: 4 | AQ15: 4 | AR15: 2 | AS15: 4 | AT15: 4 | AU15: 4 | AV15: 3 | AW15: 3 | AX15: 4 | AY15: 4 | AZ15: 3 | BA15: 4 | BB15: 3 | BC15: 2 | BD15: 4 | BE15: 4 | BF15: 3 | BG15: 3 | BH15: 4 | BI15: 3 | BJ15: 4 | BK15: 3 | BL15: 66c46c4e8a82f52621c06c4f | BM15: 45574.869
... A136: P. 133 | B136: This weekend, I reconnected with some old friends who I've known my whole life, since we all went to the same primary school. We enjoyed different food platters that each person bought and ended the night with some hot chocolate to reminisce our Christmas times back in school. see you soon. | C136: Congratulations, I hope the best for the family and i cant wait to see all of you soon. I remember it as only being yesterday when we were in college and now you've already reached 40. We'll have a big dinner and catch up over some coffee but, what flavour cake do you like, i was thinking of making a carrot cake. | D136: 5 | E136: 3 | F136: 2 | G136: 2 | H136: 4 | I136: 5 | J136: 5 | K136: 1 | L136: 4 | M136: 5 | N136: 3 | O136: 5 | P136: 5 | Q136: 2 | R136: 4 | S136: 1 | T136: 4 | U136: 3 | V136: 1 | W136: 1 | X136: 5 | Y136: 2 | Z136: 1 | AA136: 1 | AB136: 1 | AC136: 5 | AD136: 4 | AE136: 3 | AF136: 5 | AG136: 4 | AH136: 1 | AI136: 4 | AJ136: 4 | AK136: 3 | AL136: 4 | AM136: 1 | AN136: 4 | AO136: 5 | AP136: 5 | AQ136: 3 | AR136: 1 | AS136: 5 | AT136: 2 | AU136: 5 | AV136: 4 | AW136: 1 | AX136: 5 | AY136: 2 | AZ136: 4 | BA136: 5 | BB136: 5 | BC136: 4 | BD136: 5 | BE136: 5 | BF136: 5 | BG136: 5 | BH136: 3 | BI136: 5 | BJ136: 5 | BK136: 2 | BL136: 6693cc5c2454061c0414ee05 | BM136: 46004.771

Sheet   והשוואת בדיקת PID
A1: PROLIFIC_PID_big_final_participants | B1: PROLIFIC_PID_60_original_participants
B2: 6706b06808493754f3d167da
A3: 66f4147ffea1a6689de3a7ac | B3: 5966f6c744b2d20001defeec
A4: 5dc5ab2bd9873541c1569918 | B4: 6136001fcd0e07e6f5f66bc1
A5: 6139bb7008f1e7f556c8b7d2 | B5: 5f36e3d19ff99d12681ffca7
A6: 62df57db36c1085c48f8d86c | B6: 6658c5cc20f33b713aa2592d
B7: 5bf7be3abd1fd30001aa5498
A8: 5de401d34c451d000a669419 | B8: 6658c6faab732c38533b2b87
A9: 577e3a5025cb71000128727e | B9: 62df57db36c1085c48f8d86c
A10: 6136001fcd0e07e6f5f66bc1 | B10: 5de401d34c451d000a669419
A11: 6658c5cc20f33b713aa2592d | B11: 66c46c4e8a82f52621c06c4f
A12: 667ac1826ce22f03fab354c3 | B12: 66f4147ffea1a6689de3a7ac
B13: 6675938aa473a834959cd7ae
A14: 6416533bd4ee6639c3df6040 | B14: 66a7d0cf364864abc49f3a4a
A15: 5966f6c744b2d20001defeec | B15: 6706ab788354be204ade932b
A16: 66c46c4e8a82f52621c06c4f | B16: 6416533bd4ee6639c3df6040
A17: 5bf7be3abd1fd30001aa5498 | B17: 577e3a5025cb71000128727e
A18: 6658c6faab732c38533b2b87 | B18: 66fead1918de99938b57b217
A19: 66a7d0cf364864abc49f3a4a | B19: 63c553434f75911d5ec08571
A20: 66a517feaf4252a732984fa8 | B20: 57473cf37fd0ec000db68466
A21: 6675938aa473a834959cd7ae | B21: 5dc5ab2bd9873541c1569918
A22: 5f36e3d19ff99d12681ffca7 | B22: 5c51c71e556ac300018be1b7
A23: 5fb6a1222d290f0a260c08e3 | B23: 59d8d3aeea41450001ec79b0
A24: 63c553434f75911d5ec08571 | B24: 6139bb7008f1e7f556c8b7d2
A25: 66e6c3a7b04be3c08b154199 | B25: 667ac1826ce22f03fab354c3
... A37: 616d97114eff93a1ea6332df | B37: 66d076c43e5884e2da9ba056
B38: 5b23e494ac467800010cfdac
A39: 66ccea0717ffecf7d719d1b9 | B39: 5c5d43a4044f100001a4a3b5
A40: 5b258c9ba7cee100011d8aad | B40: 67128bc15cc59b4c123f98f7
A41: 66d076c43e5884e2da9ba056 | B41: 6711278767fd7d0ba7e82ebf
A42: 5b23e494ac467800010cfdac | B42: 6728b1f4fe2f3ae23c9c086e
A43: 5c5d43a4044f100001a4a3b5 | B43: 647b06286361b427361fced5
A44: 67128bc15cc59b4c123f98f7 | B44: 62c5ebe612c40c7e32390bf6
A45: 5b826da908ee760001522a91 | B45: 6703a756fd3fe9cd2e047a13
A46: 6711278767fd7d0ba7e82ebf | B46: 5b826da908ee760001522a91
A47: 647b06286361b427361fced5 | B47: 6726a867380108f5d91d0421
B48: 67279f98f8c1c5c6f501d4ce
A49: 62c5ebe612c40c7e32390bf6 | B49: 6672d93986a3b66d0d304aa4
A50: 6728b1f4fe2f3ae23c9c086e | B50: 6728ecedf5bbc7e4c0d02332
B51: 6716822eb9d3278193c791ad
A52: 67279f98f8c1c5c6f501d4ce | B52: 67288582b8ac67025f1b4124
A53: 6703a756fd3fe9cd2e047a13 | B53: 672f2414bc0711ef951f2eba
B54: 665c72ef8e6e166f13aee9f6
A55: 6726a867380108f5d91d0421 | B55: 6364c680c75f0a035ba3abff
A56: 6672d93986a3b66d0d304aa4 | B56: 5c97a90a93d57f001545b0d0
A57: 6728ecedf5bbc7e4c0d02332 | B57: 5d07ead6a1bdc70001799a94
B58: 665d7f31a1345956ab238538
A59: 6716822eb9d3278193c791ad | B59: 602257a4c4c9de32aa966833
A60: 67288582b8ac67025f1b4124 | B60: 671d39090c9e2ad9ec75a03c
A61: 672f2414bc0711ef951f2eba | B61: 5ef647ec3ce68a1178780f5a
A62: 5c97a90a93d57f001545b0d0
A63: 6364c680c75f0a035ba3abff
A64: 665d7f31a1345956ab238538
A65: 5d07ead6a1bdc70001799a94
A66: 665c72ef8e6e166f13aee9f6
A67: 602257a4c4c9de32aa966833
A68: 671d39090c9e2ad9ec75a03c
A69: 5ef647ec3ce68a1178780f5a
A70: 6053e01a6a8e8516ba7d47a7 | B70: =VLOOKUP(A70,'נתונים גולמיים שאלון התנהגות'!$A$2:$I$107,4,FALSE) -> 45842.901
A71: 5e909d6c5321c13abee11725 | B71: =VLOOKUP(A71,'נתונים גולמיים שאלון התנהגות'!$A$2:$I$107,4,FALSE) -> 45842.899
A72: 5929d9db8bc6770001fc1e50 | B72: =VLOOKUP(A72,'נתונים גולמיים שאלון התנהגות'!$A$2:$I$107,4,FALSE) -> 45842.903
A73: 67d5ad565d7133672bf783d6 | B73: =VLOOKUP(A73,'נתונים גולמיים שאלון התנהגות'!$A$2:$I$107,4,FALSE) -> 45842.902
A74: 5d7fd2a5987f70001602d95b | B74: =VLOOKUP(A74,'נתונים גולמיים שאלון התנהגות'!$A$2:$I$107,4,FALSE) -> 45842.901
A75: 6638571040d1c418f87b6975 | B75: =VLOOKUP(A75,'נתונים גולמיים שאלון התנהגות'!$A$2:$I$107,4,FALSE) -> 45842.9
A76: 60fd6618f9a377f54dcdf318 | B76: =VLOOKUP(A76,'נתונים גולמיים שאלון התנהגות'!$A$2:$I$107,4,FALSE) -> 45842.9
A77: 672df806e7c2f55e8e2bf477 | B77: =VLOOKUP(A77,'נתונים גולמיים שאלון התנהגות'!$A$2:$I$107,4,FALSE) -> 45842.903
A78: 60ef416bf0b42b5595e4f4c0 | B78: =VLOOKUP(A78,'נתונים גולמיים שאלון התנהגות'!$A$2:$I$107,4,FALSE) -> 45842.9
A79: 6773dea609f77d473900997a | B79: =VLOOKUP(A79,'נתונים גולמיים שאלון התנהגות'!$A$2:$I$107,4,FALSE) -> 45842.903
A80: 604fa685e33606f9a0ee8189 | B80: =VLOOKUP(A80,'נתונים גולמיים שאלון התנהגות'!$A$2:$I$107,4,FALSE) -> 45842.903
A81: 67c451890eb65148aa1758ea | B81: =VLOOKUP(A81,'נתונים גולמיים שאלון התנהגות'!$A$2:$I$107,4,FALSE) -> 45842.901
... A114: 67a95d468d14bd6324b4bbba | B114: =VLOOKUP(A114,'נתונים גולמיים שאלון התנהגות'!$A$2:$I$107,4,FALSE) -> 45941.509

Sheet o
B1: 2 | C1: 6 | D1: 21 | E1: 26 | F1: 27 | G1: 32 | H1: 37 | I1: 42 | J1: 48 | K1: 50 | L1: 56 | M1: 59
B2: O | C2: O | D2: O (Low) | E2: O (Low) | F2: O | G2: O | H2: O | I2: O | J2: O | K2: O | L2: O (Low) | M2: O
A3: # | B3: I believe in the importance of art. | C3: I have a vivid imagination. | D3: I do not like art. | E3: I avoid philosophical discussions. | F3: Original | G3: Inquisitive | H3: Creative | I3: Imaginative | J3: I enjoy going to art museums. | K3: I am interested in the meaning of things. | L3: I am not interested in abstract ideas. | M3: I enjoy hearing new ideas. | N3: avg | O3: true labels 3 classes by percentiles | P3: true labels 3 classes by fixed ranges | Q3: true labels 2 classes by percentiles | R3: true labels 2 classes by fixed ranges
A4: 1 | B4: 5 | C4: 4 | D4: 5 | E4: 3 | F4: 3 | G4: 4 | H4: 4 | I4: 4 | J4: 5 | K4: 5 | L4: 5 | M4: 5 | N4: =AVERAGE(B4:M4) -> 4.3333333 | O4: =_xlfn.SWITCH(TRUE, N4<=$S$11, "Low", N4>=$S$12, "High", "Moderate") -> High | P4: {=_xlfn.SWITCH(TRUE, N4>=3.5, "High", N4>=2.5, "Moderate", "Low")} -> High | Q4: =_xlfn.SWITCH(TRUE, N4<=$S$13, "Low", "High") -> High | R4: {=_xlfn.SWITCH(TRUE, N4>=3, "High", "Low")} -> High
A5: 2 | B5: 5 | C5: 5 | D5: 5 | E5: 5 | F5: 3 | G5: 5 | H5: 4 | I5: 5 | J5: 4 | K5: 5 | L5: 5 | M5: 5 | N5: =AVERAGE(B5:M5) -> 4.6666667 | O5: =_xlfn.SWITCH(TRUE, N5<=$S$11, "Low", N5>=$S$12, "High", "Moderate") -> High | P5: {=_xlfn.SWITCH(TRUE, N5>=3.5, "High", N5>=2.5, "Moderate", "Low")} -> High | Q5: =_xlfn.SWITCH(TRUE, N5<=$S$13, "Low", "High") -> High | R5: {=_xlfn.SWITCH(TRUE, N5>=3, "High", "Low")} -> High
A6: 3 | B6: 5 | C6: 2 | D6: 5 | E6: 5 | F6: 3 | G6: 4 | H6: 4 | I6: 4 | J6: 5 | K6: 4 | L6: 4 | M6: 3 | N6: =AVERAGE(B6:M6) -> 4 | O6: =_xlfn.SWITCH(TRUE, N6<=$S$11, "Low", N6>=$S$12, "High", "Moderate") -> Moderate | P6: {=_xlfn.SWITCH(TRUE, N6>=3.5, "High", N6>=2.5, "Moderate", "Low")} -> High | Q6: =_xlfn.SWITCH(TRUE, N6<=$S$13, "Low", "High") -> Low | R6: {=_xlfn.SWITCH(TRUE, N6>=3, "High", "Low")} -> High
A7: 4 | B7: 4 | C7: 5 | D7: 5 | E7: 5 | F7: 3 | G7: 5 | H7: 4 | I7: 5 | J7: 1 | K7: 4 | L7: 5 | M7: 5 | N7: =AVERAGE(B7:M7) -> 4.25 | O7: =_xlfn.SWITCH(TRUE, N7<=$S$11, "Low", N7>=$S$12, "High", "Moderate") -> Moderate | P7: {=_xlfn.SWITCH(TRUE, N7>=3.5, "High", N7>=2.5, "Moderate", "Low")} -> High | Q7: =_xlfn.SWITCH(TRUE, N7<=$S$13, "Low", "High") -> High | R7: {=_xlfn.SWITCH(TRUE, N7>=3, "High", "Low")} -> High
A8: 5 | B8: 5 | C8: 5 | D8: 5 | E8: 5 | F8: 3 | G8: 4 | H8: 5 | I8: 5 | J8: 5 | K8: 5 | L8: 5 | M8: 5 | N8: =AVERAGE(B8:M8) -> 4.75 | O8: =_xlfn.SWITCH(TRUE, N8<=$S$11, "Low", N8>=$S$12, "High", "Moderate") -> High | P8: {=_xlfn.SWITCH(TRUE, N8>=3.5, "High", N8>=2.5, "Moderate", "Low")} -> High | Q8: =_xlfn.SWITCH(TRUE, N8<=$S$13, "Low", "High") -> High | R8: {=_xlfn.SWITCH(TRUE, N8>=3, "High", "Low")} -> High
A9: 6 | B9: 4 | C9: 4 | D9: 4 | E9: 3 | F9: 4 | G9: 4 | H9: 4 | I9: 4 | J9: 4 | K9: 4 | L9: 4 | M9: 4 | N9: =AVERAGE(B9:M9) -> 3.9166667 | O9: =_xlfn.SWITCH(TRUE, N9<=$S$11, "Low", N9>=$S$12, "High", "Moderate") -> Moderate | P9: {=_xlfn.SWITCH(TRUE, N9>=3.5, "High", N9>=2.5, "Moderate", "Low")} -> High | Q9: =_xlfn.SWITCH(TRUE, N9<=$S$13, "Low", "High") -> Low | R9: {=_xlfn.SWITCH(TRUE, N9>=3, "High", "Low")} -> High
A10: 7 | B10: 2 | C10: 4 | D10: 4 | E10: 4 | F10: 2 | G10: 2 | H10: 2 | I10: 3 | J10: 2 | K10: 3 | L10: 2 | M10: 3 | N10: =AVERAGE(B10:M10) -> 2.75 | O10: =_xlfn.SWITCH(TRUE, N10<=$S$11, "Low", N10>=$S$12, "High", "Moderate") -> Low | P10: {=_xlfn.SWITCH(TRUE, N10>=3.5, "High", N10>=2.5, "Moderate", "Low")} -> Moderate | Q10: =_xlfn.SWITCH(TRUE, N10<=$S$13, "Low", "High") -> Low | R10: {=_xlfn.SWITCH(TRUE, N10>=3, "High", "Low")} -> Low | S10: אחוזונים
A11: 8 | B11: 3 | C11: 3 | D11: 2 | E11: 3 | F11: 3 | G11: 4 | H11: 2 | I11: 2 | J11: 2 | K11: 4 | L11: 3 | M11: 3 | N11: =AVERAGE(B11:M11) -> 2.8333333 | O11: =_xlfn.SWITCH(TRUE, N11<=$S$11, "Low", N11>=$S$12, "High", "Moderate") -> Low | P11: {=_xlfn.SWITCH(TRUE, N11>=3.5, "High", N11>=2.5, "Moderate", "Low")} -> Moderate | Q11: =_xlfn.SWITCH(TRUE, N11<=$S$13, "Low", "High") -> Low | R11: {=_xlfn.SWITCH(TRUE, N11>=3, "High", "Low")} -> Low | S11: =_xlfn.PERCENTILE.EXC($N$4:$N$136, T11) -> 3.6666667 | T11: 0.33333333
A12: 9 | B12: 5 | C12: 5 | D12: 5 | E12: 2 | F12: 5 | G12: 2 | H12: 5 | I12: 5 | J12: 4 | K12: 5 | L12: 5 | M12: 5 | N12: =AVERAGE(B12:M12) -> 4.4166667 | O12: =_xlfn.SWITCH(TRUE, N12<=$S$11, "Low", N12>=$S$12, "High", "Moderate") -> High | P12: {=_xlfn.SWITCH(TRUE, N12>=3.5, "High", N12>=2.5, "Moderate", "Low")} -> High | Q12: =_xlfn.SWITCH(TRUE, N12<=$S$13, "Low", "High") -> High | R12: {=_xlfn.SWITCH(TRUE, N12>=3, "High", "Low")} -> High | S12: =_xlfn.PERCENTILE.EXC($N$4:$N$136, T12) -> 4.3333333 | T12: 0.66666667
A13: 10 | B13: 5 | C13: 4 | D13: 5 | E13: 5 | F13: 5 | G13: 4 | H13: 5 | I13: 5 | J13: 4 | K13: 5 | L13: 5 | M13: 5 | N13: =AVERAGE(B13:M13) -> 4.75 | O13: =_xlfn.SWITCH(TRUE, N13<=$S$11, "Low", N13>=$S$12, "High", "Moderate") -> High | P13: {=_xlfn.SWITCH(TRUE, N13>=3.5, "High", N13>=2.5, "Moderate", "Low")} -> High | Q13: =_xlfn.SWITCH(TRUE, N13<=$S$13, "Low", "High") -> High | R13: {=_xlfn.SWITCH(TRUE, N13>=3, "High", "Low")} -> High | S13: =_xlfn.PERCENTILE.EXC($N$4:$N$136, T13) -> 4 | T13: 0.5
A14: 11 | B14: 4 | C14: 4 | D14: 5 | E14: 5 | F14: 4 | G14: 5 | H14: 3 | I14: 4 | J14: 5 | K14: 5 | L14: 5 | M14: 4 | N14: =AVERAGE(B14:M14) -> 4.4166667 | O14: =_xlfn.SWITCH(TRUE, N14<=$S$11, "Low", N14>=$S$12, "High", "Moderate") -> High | P14: {=_xlfn.SWITCH(TRUE, N14>=3.5, "High", N14>=2.5, "Moderate", "Low")} -> High | Q14: =_xlfn.SWITCH(TRUE, N14<=$S$13, "Low", "High") -> High | R14: {=_xlfn.SWITCH(TRUE, N14>=3, "High", "Low")} -> High
A15: 12 | B15: 4 | C15: 5 | D15: 4 | E15: 3 | F15: 3 | G15: 4 | H15: 4 | I15: 4 | J15: 4 | K15: 4 | L15: 3 | M15: 4 | N15: =AVERAGE(B15:M15) -> 3.8333333 | O15: =_xlfn.SWITCH(TRUE, N15<=$S$11, "Low", N15>=$S$12, "High", "Moderate") -> Moderate | P15: {=_xlfn.SWITCH(TRUE, N15>=3.5, "High", N15>=2.5, "Moderate", "Low")} -> High | Q15: =_xlfn.SWITCH(TRUE, N15<=$S$13, "Low", "High") -> Low | R15: {=_xlfn.SWITCH(TRUE, N15>=3, "High", "Low")} -> High
A16: 13 | B16: 3 | C16: 5 | D16: 5 | E16: 4 | F16: 3 | G16: 3 | H16: 4 | I16: 5 | J16: 4 | K16: 5 | L16: 4 | M16: 4 | N16: =AVERAGE(B16:M16) -> 4.0833333 | O16: =_xlfn.SWITCH(TRUE, N16<=$S$11, "Low", N16>=$S$12, "High", "Moderate") -> Moderate | P16: {=_xlfn.SWITCH(TRUE, N16>=3.5, "High", N16>=2.5, "Moderate", "Low")} -> High | Q16: =_xlfn.SWITCH(TRUE, N16<=$S$13, "Low", "High") -> High | R16: {=_xlfn.SWITCH(TRUE, N16>=3, "High", "Low")} -> High
A17: 14 | B17: 3 | C17: 4 | D17: 5 | E17: 5 | F17: 5 | G17: 4 | H17: 4 | I17: 2 | J17: 1 | K17: 4 | L17: 3 | M17: 3 | N17: =AVERAGE(B17:M17) -> 3.5833333 | O17: =_xlfn.SWITCH(TRUE, N17<=$S$11, "Low", N17>=$S$12, "High", "Moderate") -> Low | P17: {=_xlfn.SWITCH(TRUE, N17>=3.5, "High", N17>=2.5, "Moderate", "Low")} -> High | Q17: =_xlfn.SWITCH(TRUE, N17<=$S$13, "Low", "High") -> Low | R17: {=_xlfn.SWITCH(TRUE, N17>=3, "High", "Low")} -> High
A18: 15 | B18: 5 | C18: 4 | D18: 5 | E18: 5 | F18: 3 | G18: 3 | H18: 4 | I18: 3 | J18: 2 | K18: 5 | L18: 5 | M18: 3 | N18: =AVERAGE(B18:M18) -> 3.9166667 | O18: =_xlfn.SWITCH(TRUE, N18<=$S$11, "Low", N18>=$S$12, "High", "Moderate") -> Moderate | P18: {=_xlfn.SWITCH(TRUE, N18>=3.5, "High", N18>=2.5, "Moderate", "Low")} -> High | Q18: =_xlfn.SWITCH(TRUE, N18<=$S$13, "Low", "High") -> Low | R18: {=_xlfn.SWITCH(TRUE, N18>=3, "High", "Low")} -> High
A19: 16 | B19: 5 | C19: 4 | D19: 5 | E19: 5 | F19: 5 | G19: 5 | H19: 2 | I19: 2 | J19: 3 | K19: 5 | L19: 1 | M19: 3 | N19: =AVERAGE(B19:M19) -> 3.75 | O19: =_xlfn.SWITCH(TRUE, N19<=$S$11, "Low", N19>=$S$12, "High", "Moderate") -> Moderate | P19: {=_xlfn.SWITCH(TRUE, N19>=3.5, "High", N19>=2.5, "Moderate", "Low")} -> High | Q19: =_xlfn.SWITCH(TRUE, N19<=$S$13, "Low", "High") -> Low | R19: {=_xlfn.SWITCH(TRUE, N19>=3, "High", "Low")} -> High
A20: 17 | B20: 4 | C20: 3 | D20: 5 | E20: 2 | F20: 4 | G20: 4 | H20: 4 | I20: 4 | J20: 4 | K20: 2 | L20: 2 | M20: 4 | N20: =AVERAGE(B20:M20) -> 3.5 | O20: =_xlfn.SWITCH(TRUE, N20<=$S$11, "Low", N20>=$S$12, "High", "Moderate") -> Low | P20: {=_xlfn.SWITCH(TRUE, N20>=3.5, "High", N20>=2.5, "Moderate", "Low")} -> High | Q20: =_xlfn.SWITCH(TRUE, N20<=$S$13, "Low", "High") -> Low | R20: {=_xlfn.SWITCH(TRUE, N20>=3, "High", "Low")} -> High
A21: 18 | B21: 5 | C21: 5 | D21: 5 | E21: 5 | F21: 5 | G21: 4 | H21: 5 | I21: 5 | J21: 5 | K21: 5 | L21: 5 | M21: 4 | N21: =AVERAGE(B21:M21) -> 4.8333333 | O21: =_xlfn.SWITCH(TRUE, N21<=$S$11, "Low", N21>=$S$12, "High", "Moderate") -> High | P21: {=_xlfn.SWITCH(TRUE, N21>=3.5, "High", N21>=2.5, "Moderate", "Low")} -> High | Q21: =_xlfn.SWITCH(TRUE, N21<=$S$13, "Low", "High") -> High | R21: {=_xlfn.SWITCH(TRUE, N21>=3, "High", "Low")} -> High
A22: 19 | B22: 5 | C22: 5 | D22: 5 | E22: 5 | F22: 4 | G22: 4 | H22: 5 | I22: 5 | J22: 5 | K22: 5 | L22: 5 | M22: 5 | N22: =AVERAGE(B22:M22) -> 4.8333333 | O22: =_xlfn.SWITCH(TRUE, N22<=$S$11, "Low", N22>=$S$12, "High", "Moderate") -> High | P22: {=_xlfn.SWITCH(TRUE, N22>=3.5, "High", N22>=2.5, "Moderate", "Low")} -> High | Q22: =_xlfn.SWITCH(TRUE, N22<=$S$13, "Low", "High") -> High | R22: {=_xlfn.SWITCH(TRUE, N22>=3, "High", "Low")} -> High
A23: 20 | B23: 5 | C23: 4 | D23: 5 | E23: 3 | F23: 3 | G23: 3 | H23: 5 | I23: 5 | J23: 5 | K23: 4 | L23: 3 | M23: 5 | N23: =AVERAGE(B23:M23) -> 4.1666667 | O23: =_xlfn.SWITCH(TRUE, N23<=$S$11, "Low", N23>=$S$12, "High", "Moderate") -> Moderate | P23: {=_xlfn.SWITCH(TRUE, N23>=3.5, "High", N23>=2.5, "Moderate", "Low")} -> High | Q23: =_xlfn.SWITCH(TRUE, N23<=$S$13, "Low", "High") -> High | R23: {=_xlfn.SWITCH(TRUE, N23>=3, "High", "Low")} -> High
A24: 21 | B24: 3 | C24: 5 | D24: 5 | E24: 5 | F24: 5 | G24: 5 | H24: 4 | I24: 5 | J24: 1 | K24: 4 | L24: 4 | M24: 5 | N24: =AVERAGE(B24:M24) -> 4.25 | O24: =_xlfn.SWITCH(TRUE, N24<=$S$11, "Low", N24>=$S$12, "High", "Moderate") -> Moderate | P24: {=_xlfn.SWITCH(TRUE, N24>=3.5, "High", N24>=2.5, "Moderate", "Low")} -> High | Q24: =_xlfn.SWITCH(TRUE, N24<=$S$13, "Low", "High") -> High | R24: {=_xlfn.SWITCH(TRUE, N24>=3, "High", "Low")} -> High
A25: 22 | B25: 2 | C25: 3 | D25: 5 | E25: 4 | F25: 2 | G25: 2 | H25: 3 | I25: 3 | J25: 2 | K25: 3 | L25: 4 | M25: 3 | N25: =AVERAGE(B25:M25) -> 3 | O25: =_xlfn.SWITCH(TRUE, N25<=$S$11, "Low", N25>=$S$12, "High", "Moderate") -> Low | P25: {=_xlfn.SWITCH(TRUE, N25>=3.5, "High", N25>=2.5, "Moderate", "Low")} -> Moderate | Q25: =_xlfn.SWITCH(TRUE, N25<=$S$13, "Low", "High") -> Low | R25: {=_xlfn.SWITCH(TRUE, N25>=3, "High", "Low")} -> High
... A136: 133 | B136: 3 | C136: 5 | D136: 5 | E136: 5 | F136: 4 | G136: 4 | H136: 4 | I136: 5 | J136: 2 | K136: 5 | L136: 5 | M136: 5 | N136: =AVERAGE(B136:M136) -> 4.3333333 | O136: =_xlfn.SWITCH(TRUE, N136<=$S$11, "Low", N136>=$S$12, "High", "Moderate") -> High | P136: {=_xlfn.SWITCH(TRUE, N136>=3.5, "High", N136>=2.5, "Moderate", "Low")} -> High | Q136: =_xlfn.SWITCH(TRUE, N136<=$S$13, "Low", "High") -> High | R136: {=_xlfn.SWITCH(TRUE, N136>=3, "High", "Low")} -> High

Sheet c
B1: 5 | C1: 11 | D1: 17 | E1: 23 | F1: 28 | G1: 33 | H1: 38 | I1: 43 | J1: 49 | K1: 51 | L1: 55 | M1: 60
B2: C | C2: C | D2: C (Low) | E2: C (Low) | F2: C | G2: C (Low) | H2: C | I2: C | J2: C | K2: C (Low) | L2: C | M2: C
A3: # | B3: I am always prepared. | C3: I get chores done right away. | D3: I find it difficult to get to work. | E3: I change my plans frequently. | F3: Systematic | G3: Forgetful | H3: Self-Disciplined | I3: Organized | J3: I always make good use of my time. | K3: I avoid taking on a lot of responsibility. | L3: I make plans and stick to them. | M3: It’s important to me that people are on time. | N3: avg | O3: true labels 3 classes | P3: true labels 2 classes by percentiles
A4: 1 | B4: 4 | C4: 3 | D4: 4 | E4: 3 | F4: 3 | G4: 2 | H4: 5 | I4: 5 | J4: 4 | K4: 3 | L4: 5 | M4: 5 | N4: =AVERAGE(B4:M4) -> 3.8333333 | O4: {=_xlfn.SWITCH(TRUE, N4<$Q$10, "Low", N4>$Q$11, "High", "Moderate")} -> Moderate | P4: {=_xlfn.SWITCH(TRUE, N4<=$Q$12, "Low", "High")} -> High
A5: 2 | B5: 1 | C5: 2 | D5: 3 | E5: 1 | F5: 4 | G5: 1 | H5: 2 | I5: 2 | J5: 2 | K5: 4 | L5: 1 | M5: 3 | N5: =AVERAGE(B5:M5) -> 2.1666667 | O5: {=_xlfn.SWITCH(TRUE, N5<$Q$10, "Low", N5>$Q$11, "High", "Moderate")} -> Low | P5: {=_xlfn.SWITCH(TRUE, N5<=$Q$12, "Low", "High")} -> Low
A6: 3 | B6: 3 | C6: 4 | D6: 2 | E6: 4 | F6: 3 | G6: 4 | H6: 1 | I6: 5 | J6: 2 | K6: 4 | L6: 3 | M6: 2 | N6: =AVERAGE(B6:M6) -> 3.0833333 | O6: {=_xlfn.SWITCH(TRUE, N6<$Q$10, "Low", N6>$Q$11, "High", "Moderate")} -> Low | P6: {=_xlfn.SWITCH(TRUE, N6<=$Q$12, "Low", "High")} -> Low
A7: 4 | B7: 1 | C7: 1 | D7: 4 | E7: 2 | F7: 4 | G7: 3 | H7: 1 | I7: 1 | J7: 1 | K7: 3 | L7: 1 | M7: 2 | N7: =AVERAGE(B7:M7) -> 2 | O7: {=_xlfn.SWITCH(TRUE, N7<$Q$10, "Low", N7>$Q$11, "High", "Moderate")} -> Low | P7: {=_xlfn.SWITCH(TRUE, N7<=$Q$12, "Low", "High")} -> Low
A8: 5 | B8: 2 | C8: 1 | D8: 1 | E8: 2 | F8: 2 | G8: 2 | H8: 2 | I8: 1 | J8: 2 | K8: 4 | L8: 4 | M8: 2 | N8: =AVERAGE(B8:M8) -> 2.0833333 | O8: {=_xlfn.SWITCH(TRUE, N8<$Q$10, "Low", N8>$Q$11, "High", "Moderate")} -> Low | P8: {=_xlfn.SWITCH(TRUE, N8<=$Q$12, "Low", "High")} -> Low
A9: 6 | B9: 3 | C9: 3 | D9: 3 | E9: 2 | F9: 3 | G9: 4 | H9: 2 | I9: 3 | J9: 3 | K9: 3 | L9: 3 | M9: 3 | N9: =AVERAGE(B9:M9) -> 2.9166667 | O9: {=_xlfn.SWITCH(TRUE, N9<$Q$10, "Low", N9>$Q$11, "High", "Moderate")} -> Low | P9: {=_xlfn.SWITCH(TRUE, N9<=$Q$12, "Low", "High")} -> Low | Q9: אחוזונים
A10: 7 | B10: 4 | C10: 3 | D10: 4 | E10: 3 | F10: 2 | G10: 3 | H10: 3 | I10: 3 | J10: 3 | K10: 4 | L10: 3 | M10: 4 | N10: =AVERAGE(B10:M10) -> 3.25 | O10: {=_xlfn.SWITCH(TRUE, N10<$Q$10, "Low", N10>$Q$11, "High", "Moderate")} -> Moderate | P10: {=_xlfn.SWITCH(TRUE, N10<=$Q$12, "Low", "High")} -> Low | Q10: =_xlfn.PERCENTILE.EXC($N$4:$N$108, R10) -> 3.25 | R10: 0.33333333
A11: 8 | B11: 2 | C11: 2 | D11: 3 | E11: 2 | F11: 3 | G11: 2 | H11: 3 | I11: 2 | J11: 2 | K11: 2 | L11: 2 | M11: 3 | N11: =AVERAGE(B11:M11) -> 2.3333333 | O11: {=_xlfn.SWITCH(TRUE, N11<$Q$10, "Low", N11>$Q$11, "High", "Moderate")} -> Low | P11: {=_xlfn.SWITCH(TRUE, N11<=$Q$12, "Low", "High")} -> Low | Q11: =_xlfn.PERCENTILE.EXC($N$4:$N$108, R11) -> 4.0555556 | R11: 0.66666667
A12: 9 | B12: 5 | C12: 4 | D12: 5 | E12: 3 | F12: 4 | G12: 1 | H12: 5 | I12: 5 | J12: 5 | K12: 1 | L12: 4 | M12: 5 | N12: =AVERAGE(B12:M12) -> 3.9166667 | O12: {=_xlfn.SWITCH(TRUE, N12<$Q$10, "Low", N12>$Q$11, "High", "Moderate")} -> Moderate | P12: {=_xlfn.SWITCH(TRUE, N12<=$Q$12, "Low", "High")} -> High | Q12: =_xlfn.PERCENTILE.EXC($N$4:$N$108, R12) -> 3.5 | R12: 0.5
A13: 10 | B13: 3 | C13: 2 | D13: 3 | E13: 3 | F13: 4 | G13: 2 | H13: 3 | I13: 4 | J13: 2 | K13: 4 | L13: 3 | M13: 4 | N13: =AVERAGE(B13:M13) -> 3.0833333 | O13: {=_xlfn.SWITCH(TRUE, N13<$Q$10, "Low", N13>$Q$11, "High", "Moderate")} -> Low | P13: {=_xlfn.SWITCH(TRUE, N13<=$Q$12, "Low", "High")} -> Low
A14: 11 | B14: 4 | C14: 3 | D14: 4 | E14: 4 | F14: 3 | G14: 3 | H14: 4 | I14: 4 | J14: 4 | K14: 4 | L14: 4 | M14: 3 | N14: =AVERAGE(B14:M14) -> 3.6666667 | O14: {=_xlfn.SWITCH(TRUE, N14<$Q$10, "Low", N14>$Q$11, "High", "Moderate")} -> Moderate | P14: {=_xlfn.SWITCH(TRUE, N14<=$Q$12, "Low", "High")} -> High
A15: 12 | B15: 4 | C15: 3 | D15: 3 | E15: 3 | F15: 3 | G15: 3 | H15: 4 | I15: 4 | J15: 3 | K15: 3 | L15: 3 | M15: 3 | N15: =AVERAGE(B15:M15) -> 3.25 | O15: {=_xlfn.SWITCH(TRUE, N15<$Q$10, "Low", N15>$Q$11, "High", "Moderate")} -> Moderate | P15: {=_xlfn.SWITCH(TRUE, N15<=$Q$12, "Low", "High")} -> Low
A16: 13 | B16: 5 | C16: 4 | D16: 4 | E16: 4 | F16: 4 | G16: 5 | H16: 5 | I16: 5 | J16: 3 | K16: 4 | L16: 4 | M16: 3 | N16: =AVERAGE(B16:M16) -> 4.1666667 | O16: {=_xlfn.SWITCH(TRUE, N16<$Q$10, "Low", N16>$Q$11, "High", "Moderate")} -> High | P16: {=_xlfn.SWITCH(TRUE, N16<=$Q$12, "Low", "High")} -> High
A17: 14 | B17: 5 | C17: 4 | D17: 3 | E17: 5 | F17: 4 | G17: 5 | H17: 4 | I17: 5 | J17: 4 | K17: 4 | L17: 4 | M17: 4 | N17: =AVERAGE(B17:M17) -> 4.25 | O17: {=_xlfn.SWITCH(TRUE, N17<$Q$10, "Low", N17>$Q$11, "High", "Moderate")} -> High | P17: {=_xlfn.SWITCH(TRUE, N17<=$Q$12, "Low", "High")} -> High
A18: 15 | B18: 4 | C18: 3 | D18: 4 | E18: 3 | F18: 4 | G18: 5 | H18: 3 | I18: 3 | J18: 2 | K18: 5 | L18: 3 | M18: 5 | N18: =AVERAGE(B18:M18) -> 3.6666667 | O18: {=_xlfn.SWITCH(TRUE, N18<$Q$10, "Low", N18>$Q$11, "High", "Moderate")} -> Moderate | P18: {=_xlfn.SWITCH(TRUE, N18<=$Q$12, "Low", "High")} -> High
A19: 16 | B19: 5 | C19: 5 | D19: 3 | E19: 4 | F19: 5 | G19: 5 | H19: 1 | I19: 5 | J19: 5 | K19: 5 | L19: 5 | M19: 4 | N19: =AVERAGE(B19:M19) -> 4.3333333 | O19: {=_xlfn.SWITCH(TRUE, N19<$Q$10, "Low", N19>$Q$11, "High", "Moderate")} -> High | P19: {=_xlfn.SWITCH(TRUE, N19<=$Q$12, "Low", "High")} -> High
A20: 17 | B20: 4 | C20: 3 | D20: 4 | E20: 4 | F20: 4 | G20: 2 | H20: 3 | I20: 4 | J20: 3 | K20: 4 | L20: 3 | M20: 4 | N20: =AVERAGE(B20:M20) -> 3.5 | O20: {=_xlfn.SWITCH(TRUE, N20<$Q$10, "Low", N20>$Q$11, "High", "Moderate")} -> Moderate | P20: {=_xlfn.SWITCH(TRUE, N20<=$Q$12, "Low", "High")} -> Low
A21: 18 | B21: 5 | C21: 5 | D21: 5 | E21: 5 | F21: 5 | G21: 5 | H21: 5 | I21: 5 | J21: 4 | K21: 5 | L21: 3 | M21: 5 | N21: =AVERAGE(B21:M21) -> 4.75 | O21: {=_xlfn.SWITCH(TRUE, N21<$Q$10, "Low", N21>$Q$11, "High", "Moderate")} -> High | P21: {=_xlfn.SWITCH(TRUE, N21<=$Q$12, "Low", "High")} -> High
A22: 19 | B22: 3 | C22: 3 | D22: 1 | E22: 3 | F22: 4 | G22: 3 | H22: 2 | I22: 4 | J22: 3 | K22: 2 | L22: 3 | M22: 5 | N22: =AVERAGE(B22:M22) -> 3 | O22: {=_xlfn.SWITCH(TRUE, N22<$Q$10, "Low", N22>$Q$11, "High", "Moderate")} -> Low | P22: {=_xlfn.SWITCH(TRUE, N22<=$Q$12, "Low", "High")} -> Low
A23: 20 | B23: 4 | C23: 4 | D23: 4 | E23: 2 | F23: 3 | G23: 1 | H23: 3 | I23: 3 | J23: 5 | K23: 3 | L23: 4 | M23: 5 | N23: =AVERAGE(B23:M23) -> 3.4166667 | O23: {=_xlfn.SWITCH(TRUE, N23<$Q$10, "Low", N23>$Q$11, "High", "Moderate")} -> Moderate | P23: {=_xlfn.SWITCH(TRUE, N23<=$Q$12, "Low", "High")} -> Low
A24: 21 | B24: 3 | C24: 5 | D24: 1 | E24: 3 | F24: 5 | G24: 4 | H24: 5 | I24: 4 | J24: 4 | K24: 5 | L24: 3 | M24: 4 | N24: =AVERAGE(B24:M24) -> 3.8333333 | O24: {=_xlfn.SWITCH(TRUE, N24<$Q$10, "Low", N24>$Q$11, "High", "Moderate")} -> Moderate | P24: {=_xlfn.SWITCH(TRUE, N24<=$Q$12, "Low", "High")} -> High
... A136: 133 | B136: 4 | C136: 3 | D136: 4 | E136: 1 | F136: 3 | G136: 4 | H136: 5 | I136: 2 | J136: 4 | K136: 5 | L136: 5 | M136: 2 | N136: =AVERAGE(B136:M136) -> 3.5 | O136: {=_xlfn.SWITCH(TRUE, N136<$Q$10, "Low", N136>$Q$11, "High", "Moderate")} -> Moderate | P136: {=_xlfn.SWITCH(TRUE, N136<=$Q$12, "Low", "High")} -> Low

Sheet e
B1: 7 | C1: 9 | D1: 13 | E1: 18 | F1: 29 | G1: 34 | H1: 39 | I1: 44 | J1: 47 | K1: 52 | L1: 54 | M1: 58
B2: E | C2: E | D2: E | E2: E (Low) | F2: E (Low) | G2: E (Low) | H2: E | I2: E | J2: E | K2: E (Low) | L2: E | M2: E (Low)
A3: # | B3: I feel comfortable around people. | C3: I am the life of the party. | D3: I am skilled in handling social situations. | E3: I stay in the background. | F3: Shy | G3: Reserved | H3: Outgoing | I3: Talkative | J3: I have a lot to say. | K3: I don't like to draw attention to myself. | L3: I make friends easily. | M3: I don't talk a lot. | N3: avg | O3: true labels 3 classes by percentiles | P3: true labels 3 classes by fixed ranges | Q3: true labels 2 classes by percentiles | R3: true labels 2 classes by fixed ranges
A4: 1 | B4: 2 | C4: 2 | D4: 3 | E4: 2 | F4: 1 | G4: 1 | H4: 2 | I4: 2 | J4: 3 | K4: 3 | L4: 5 | M4: 5 | N4: =AVERAGE(B4:M4) -> 2.5833333 | O4: {=_xlfn.SWITCH(TRUE, N4<=$S$7, "Low", N4>=$S$8, "High", "Moderate")} -> Low | P4: {=_xlfn.SWITCH(TRUE, N4>=3.5, "High", N4>=2.5, "Moderate", "Low")} -> Moderate | Q4: =_xlfn.SWITCH(TRUE, N4<=$S$9, "Low", "High") -> Low | R4: {=_xlfn.SWITCH(TRUE, N4>=3, "High", "Low")} -> Low
A5: 2 | B5: 3 | C5: 3 | D5: 4 | E5: 3 | F5: 4 | G5: 3 | H5: 3 | I5: 4 | J5: 4 | K5: 3 | L5: 3 | M5: 4 | N5: =AVERAGE(B5:M5) -> 3.4166667 | O5: {=_xlfn.SWITCH(TRUE, N5<=$S$7, "Low", N5>=$S$8, "High", "Moderate")} -> Moderate | P5: {=_xlfn.SWITCH(TRUE, N5>=3.5, "High", N5>=2.5, "Moderate", "Low")} -> Moderate | Q5: =_xlfn.SWITCH(TRUE, N5<=$S$9, "Low", "High") -> High | R5: {=_xlfn.SWITCH(TRUE, N5>=3, "High", "Low")} -> High
A6: 3 | B6: 1 | C6: 1 | D6: 1 | E6: 2 | F6: 2 | G6: 2 | H6: 1 | I6: 3 | J6: 4 | K6: 1 | L6: 1 | M6: 1 | N6: =AVERAGE(B6:M6) -> 1.6666667 | O6: {=_xlfn.SWITCH(TRUE, N6<=$S$7, "Low", N6>=$S$8, "High", "Moderate")} -> Low | P6: {=_xlfn.SWITCH(TRUE, N6>=3.5, "High", N6>=2.5, "Moderate", "Low")} -> Low | Q6: =_xlfn.SWITCH(TRUE, N6<=$S$9, "Low", "High") -> Low | R6: {=_xlfn.SWITCH(TRUE, N6>=3, "High", "Low")} -> Low | S6: אחוזונים
A7: 4 | B7: 3 | C7: 3 | D7: 2 | E7: 3 | F7: 2 | G7: 3 | H7: 3 | I7: 3 | J7: 3 | K7: 1 | L7: 3 | M7: 4 | N7: =AVERAGE(B7:M7) -> 2.75 | O7: {=_xlfn.SWITCH(TRUE, N7<=$S$7, "Low", N7>=$S$8, "High", "Moderate")} -> Low | P7: {=_xlfn.SWITCH(TRUE, N7>=3.5, "High", N7>=2.5, "Moderate", "Low")} -> Moderate | Q7: =_xlfn.SWITCH(TRUE, N7<=$S$9, "Low", "High") -> Low | R7: {=_xlfn.SWITCH(TRUE, N7>=3, "High", "Low")} -> Low | S7: =_xlfn.PERCENTILE.EXC($N$4:$N$136,T7) -> 2.8888889 | T7: 0.33333333
A8: 5 | B8: 2 | C8: 2 | D8: 2 | E8: 4 | F8: 2 | G8: 4 | H8: 2 | I8: 3 | J8: 4 | K8: 3 | L8: 2 | M8: 5 | N8: =AVERAGE(B8:M8) -> 2.9166667 | O8: {=_xlfn.SWITCH(TRUE, N8<=$S$7, "Low", N8>=$S$8, "High", "Moderate")} -> Moderate | P8: {=_xlfn.SWITCH(TRUE, N8>=3.5, "High", N8>=2.5, "Moderate", "Low")} -> Moderate | Q8: =_xlfn.SWITCH(TRUE, N8<=$S$9, "Low", "High") -> Low | R8: {=_xlfn.SWITCH(TRUE, N8>=3, "High", "Low")} -> Low | S8: =_xlfn.PERCENTILE.EXC($N$4:$N$136,T8) -> 3.5 | T8: 0.66666667
A9: 6 | B9: 2 | C9: 1 | D9: 2 | E9: 3 | F9: 2 | G9: 2 | H9: 2 | I9: 3 | J9: 3 | K9: 4 | L9: 4 | M9: 3 | N9: =AVERAGE(B9:M9) -> 2.5833333 | O9: {=_xlfn.SWITCH(TRUE, N9<=$S$7, "Low", N9>=$S$8, "High", "Moderate")} -> Low | P9: {=_xlfn.SWITCH(TRUE, N9>=3.5, "High", N9>=2.5, "Moderate", "Low")} -> Moderate | Q9: =_xlfn.SWITCH(TRUE, N9<=$S$9, "Low", "High") -> Low | R9: {=_xlfn.SWITCH(TRUE, N9>=3, "High", "Low")} -> Low | S9: =_xlfn.PERCENTILE.EXC($N$4:$N$136,T9) -> 3.1666667 | T9: 0.5
A10: 7 | B10: 4 | C10: 2 | D10: 2 | E10: 3 | F10: 4 | G10: 3 | H10: 3 | I10: 3 | J10: 3 | K10: 3 | L10: 3 | M10: 5 | N10: =AVERAGE(B10:M10) -> 3.1666667 | O10: {=_xlfn.SWITCH(TRUE, N10<=$S$7, "Low", N10>=$S$8, "High", "Moderate")} -> Moderate | P10: {=_xlfn.SWITCH(TRUE, N10>=3.5, "High", N10>=2.5, "Moderate", "Low")} -> Moderate | Q10: =_xlfn.SWITCH(TRUE, N10<=$S$9, "Low", "High") -> Low | R10: {=_xlfn.SWITCH(TRUE, N10>=3, "High", "Low")} -> High
A11: 8 | B11: 2 | C11: 2 | D11: 2 | E11: 2 | F11: 2 | G11: 2 | H11: 4 | I11: 3 | J11: 3 | K11: 2 | L11: 2 | M11: 3 | N11: =AVERAGE(B11:M11) -> 2.4166667 | O11: {=_xlfn.SWITCH(TRUE, N11<=$S$7, "Low", N11>=$S$8, "High", "Moderate")} -> Low | P11: {=_xlfn.SWITCH(TRUE, N11>=3.5, "High", N11>=2.5, "Moderate", "Low")} -> Low | Q11: =_xlfn.SWITCH(TRUE, N11<=$S$9, "Low", "High") -> Low | R11: {=_xlfn.SWITCH(TRUE, N11>=3, "High", "Low")} -> Low
A12: 9 | B12: 4 | C12: 5 | D12: 5 | E12: 1 | F12: 5 | G12: 1 | H12: 4 | I12: 1 | J12: 5 | K12: 5 | L12: 5 | M12: 5 | N12: =AVERAGE(B12:M12) -> 3.8333333 | O12: {=_xlfn.SWITCH(TRUE, N12<=$S$7, "Low", N12>=$S$8, "High", "Moderate")} -> High | P12: {=_xlfn.SWITCH(TRUE, N12>=3.5, "High", N12>=2.5, "Moderate", "Low")} -> High | Q12: =_xlfn.SWITCH(TRUE, N12<=$S$9, "Low", "High") -> High | R12: {=_xlfn.SWITCH(TRUE, N12>=3, "High", "Low")} -> High
A13: 10 | B13: 5 | C13: 4 | D13: 4 | E13: 5 | F13: 5 | G13: 2 | H13: 5 | I13: 4 | J13: 4 | K13: 5 | L13: 3 | M13: 4 | N13: =AVERAGE(B13:M13) -> 4.1666667 | O13: {=_xlfn.SWITCH(TRUE, N13<=$S$7, "Low", N13>=$S$8, "High", "Moderate")} -> High | P13: {=_xlfn.SWITCH(TRUE, N13>=3.5, "High", N13>=2.5, "Moderate", "Low")} -> High | Q13: =_xlfn.SWITCH(TRUE, N13<=$S$9, "Low", "High") -> High | R13: {=_xlfn.SWITCH(TRUE, N13>=3, "High", "Low")} -> High
A14: 11 | B14: 5 | C14: 4 | D14: 5 | E14: 5 | F14: 4 | G14: 5 | H14: 5 | I14: 5 | J14: 5 | K14: 5 | L14: 5 | M14: 5 | N14: =AVERAGE(B14:M14) -> 4.8333333 | O14: {=_xlfn.SWITCH(TRUE, N14<=$S$7, "Low", N14>=$S$8, "High", "Moderate")} -> High | P14: {=_xlfn.SWITCH(TRUE, N14>=3.5, "High", N14>=2.5, "Moderate", "Low")} -> High | Q14: =_xlfn.SWITCH(TRUE, N14<=$S$9, "Low", "High") -> High | R14: {=_xlfn.SWITCH(TRUE, N14>=3, "High", "Low")} -> High
A15: 12 | B15: 4 | C15: 4 | D15: 4 | E15: 3 | F15: 5 | G15: 4 | H15: 4 | I15: 4 | J15: 4 | K15: 2 | L15: 4 | M15: 3 | N15: =AVERAGE(B15:M15) -> 3.75 | O15: {=_xlfn.SWITCH(TRUE, N15<=$S$7, "Low", N15>=$S$8, "High", "Moderate")} -> High | P15: {=_xlfn.SWITCH(TRUE, N15>=3.5, "High", N15>=2.5, "Moderate", "Low")} -> High | Q15: =_xlfn.SWITCH(TRUE, N15<=$S$9, "Low", "High") -> High | R15: {=_xlfn.SWITCH(TRUE, N15>=3, "High", "Low")} -> High
A16: 13 | B16: 4 | C16: 4 | D16: 5 | E16: 4 | F16: 4 | G16: 4 | H16: 4 | I16: 3 | J16: 2 | K16: 3 | L16: 4 | M16: 4 | N16: =AVERAGE(B16:M16) -> 3.75 | O16: {=_xlfn.SWITCH(TRUE, N16<=$S$7, "Low", N16>=$S$8, "High", "Moderate")} -> High | P16: {=_xlfn.SWITCH(TRUE, N16>=3.5, "High", N16>=2.5, "Moderate", "Low")} -> High | Q16: =_xlfn.SWITCH(TRUE, N16<=$S$9, "Low", "High") -> High | R16: {=_xlfn.SWITCH(TRUE, N16>=3, "High", "Low")} -> High
A17: 14 | B17: 3 | C17: 5 | D17: 4 | E17: 5 | F17: 4 | G17: 3 | H17: 4 | I17: 4 | J17: 3 | K17: 3 | L17: 4 | M17: 5 | N17: =AVERAGE(B17:M17) -> 3.9166667 | O17: {=_xlfn.SWITCH(TRUE, N17<=$S$7, "Low", N17>=$S$8, "High", "Moderate")} -> High | P17: {=_xlfn.SWITCH(TRUE, N17>=3.5, "High", N17>=2.5, "Moderate", "Low")} -> High | Q17: =_xlfn.SWITCH(TRUE, N17<=$S$9, "Low", "High") -> High | R17: {=_xlfn.SWITCH(TRUE, N17>=3, "High", "Low")} -> High
A18: 15 | B18: 4 | C18: 2 | D18: 4 | E18: 2 | F18: 5 | G18: 2 | H18: 4 | I18: 2 | J18: 3 | K18: 3 | L18: 4 | M18: 3 | N18: =AVERAGE(B18:M18) -> 3.1666667 | O18: {=_xlfn.SWITCH(TRUE, N18<=$S$7, "Low", N18>=$S$8, "High", "Moderate")} -> Moderate | P18: {=_xlfn.SWITCH(TRUE, N18>=3.5, "High", N18>=2.5, "Moderate", "Low")} -> Moderate | Q18: =_xlfn.SWITCH(TRUE, N18<=$S$9, "Low", "High") -> Low | R18: {=_xlfn.SWITCH(TRUE, N18>=3, "High", "Low")} -> High
A19: 16 | B19: 5 | C19: 1 | D19: 5 | E19: 3 | F19: 4 | G19: 5 | H19: 5 | I19: 5 | J19: 5 | K19: 2 | L19: 4 | M19: 5 | N19: =AVERAGE(B19:M19) -> 4.0833333 | O19: {=_xlfn.SWITCH(TRUE, N19<=$S$7, "Low", N19>=$S$8, "High", "Moderate")} -> High | P19: {=_xlfn.SWITCH(TRUE, N19>=3.5, "High", N19>=2.5, "Moderate", "Low")} -> High | Q19: =_xlfn.SWITCH(TRUE, N19<=$S$9, "Low", "High") -> High | R19: {=_xlfn.SWITCH(TRUE, N19>=3, "High", "Low")} -> High
A20: 17 | B20: 4 | C20: 2 | D20: 4 | E20: 3 | F20: 3 | G20: 3 | H20: 3 | I20: 3 | J20: 4 | K20: 3 | L20: 3 | M20: 3 | N20: =AVERAGE(B20:M20) -> 3.1666667 | O20: {=_xlfn.SWITCH(TRUE, N20<=$S$7, "Low", N20>=$S$8, "High", "Moderate")} -> Moderate | P20: {=_xlfn.SWITCH(TRUE, N20>=3.5, "High", N20>=2.5, "Moderate", "Low")} -> Moderate | Q20: =_xlfn.SWITCH(TRUE, N20<=$S$9, "Low", "High") -> Low | R20: {=_xlfn.SWITCH(TRUE, N20>=3, "High", "Low")} -> High
A21: 18 | B21: 4 | C21: 3 | D21: 3 | E21: 3 | F21: 3 | G21: 2 | H21: 4 | I21: 3 | J21: 3 | K21: 3 | L21: 3 | M21: 3 | N21: =AVERAGE(B21:M21) -> 3.0833333 | O21: {=_xlfn.SWITCH(TRUE, N21<=$S$7, "Low", N21>=$S$8, "High", "Moderate")} -> Moderate | P21: {=_xlfn.SWITCH(TRUE, N21>=3.5, "High", N21>=2.5, "Moderate", "Low")} -> Moderate | Q21: =_xlfn.SWITCH(TRUE, N21<=$S$9, "Low", "High") -> Low | R21: {=_xlfn.SWITCH(TRUE, N21>=3, "High", "Low")} -> High
... A136: 133 | B136: 5 | C136: 4 | D136: 5 | E136: 3 | F136: 5 | G136: 3 | H136: 5 | I136: 5 | J136: 5 | K136: 4 | L136: 5 | M136: 5 | N136: =AVERAGE(B136:M136) -> 4.5 | O136: {=_xlfn.SWITCH(TRUE, N136<=$S$7, "Low", N136>=$S$8, "High", "Moderate")} -> High | P136: {=_xlfn.SWITCH(TRUE, N136>=3.5, "High", N136>=2.5, "Moderate", "Low")} -> High | Q136: =_xlfn.SWITCH(TRUE, N136<=$S$9, "Low", "High") -> High | R136: {=_xlfn.SWITCH(TRUE, N136>=3, "High", "Low")} -> High

Sheet a
B1: 1 | C1: 4 | D1: 10 | E1: 12 | F1: 15 | G1: 22 | H1: 30 | I1: 35 | J1: 40 | K1: 45 | L1: 53 | M1: 57
B2: A | C2: A | D2: A | E2: A | F2: A (Low) | G2: A (Low) | H2: A | I2: A | J2: A | K2: A | L2: A (Low) | M2: A (Low)
A3: # | B3: I accept people the way they are. | C3: I take care of other people before taking care of myself. | D3: I treat everyone with kindness and sympathy. | E3: I have a kind word for everyone. | F3: I start arguments just for the fun of it. | G3: I stop what I am doing to help other people. | H3: Soft-Hearted | I3: Agreeable | J3: Charitable | K3: Humble | L3: I feel I am better than other people. | M3: I criticize other people. | N3: avg | O3: true labels 3 classes | P3: true labels 2 classes
A4: 1 | B4: 4 | C4: 2 | D4: 4 | E4: 4 | F4: 4 | G4: 3 | H4: 5 | I4: 4 | J4: 5 | K4: 5 | L4: 4 | M4: 5 | N4: =AVERAGE(B4:M4) -> 4.0833333 | O4: {=_xlfn.SWITCH(TRUE, N4<=$Q$8, "Low", N4>=$Q$9, "High", "Moderate")} -> High | P4: =_xlfn.SWITCH(TRUE, N4<=$Q$10, "Low", "High") -> High
A5: 2 | B5: 4 | C5: 5 | D5: 4 | E5: 4 | F5: 5 | G5: 2 | H5: 5 | I5: 4 | J5: 3 | K5: 4 | L5: 5 | M5: 5 | N5: =AVERAGE(B5:M5) -> 4.1666667 | O5: {=_xlfn.SWITCH(TRUE, N5<=$Q$8, "Low", N5>=$Q$9, "High", "Moderate")} -> High | P5: =_xlfn.SWITCH(TRUE, N5<=$Q$10, "Low", "High") -> High
A6: 3 | B6: 4 | C6: 5 | D6: 4 | E6: 3 | F6: 5 | G6: 1 | H6: 5 | I6: 3 | J6: 5 | K6: 4 | L6: 4 | M6: 3 | N6: =AVERAGE(B6:M6) -> 3.8333333 | O6: {=_xlfn.SWITCH(TRUE, N6<=$Q$8, "Low", N6>=$Q$9, "High", "Moderate")} -> Moderate | P6: =_xlfn.SWITCH(TRUE, N6<=$Q$10, "Low", "High") -> Low
A7: 4 | B7: 3 | C7: 1 | D7: 4 | E7: 1 | F7: 5 | G7: 4 | H7: 3 | I7: 4 | J7: 1 | K7: 2 | L7: 5 | M7: 4 | N7: =AVERAGE(B7:M7) -> 3.0833333 | O7: {=_xlfn.SWITCH(TRUE, N7<=$Q$8, "Low", N7>=$Q$9, "High", "Moderate")} -> Low | P7: =_xlfn.SWITCH(TRUE, N7<=$Q$10, "Low", "High") -> Low | Q7: אחוזונים
A8: 5 | B8: 5 | C8: 4 | D8: 4 | E8: 3 | F8: 5 | G8: 2 | H8: 4 | I8: 4 | J8: 3 | K8: 3 | L8: 3 | M8: 3 | N8: =AVERAGE(B8:M8) -> 3.5833333 | O8: {=_xlfn.SWITCH(TRUE, N8<=$Q$8, "Low", N8>=$Q$9, "High", "Moderate")} -> Low | P8: =_xlfn.SWITCH(TRUE, N8<=$Q$10, "Low", "High") -> Low | Q8: =_xlfn.PERCENTILE.EXC($N$4:$N$108,R8) -> 3.5833333 | R8: 0.33333333
A9: 6 | B9: 4 | C9: 3 | D9: 3 | E9: 3 | F9: 4 | G9: 2 | H9: 2 | I9: 4 | J9: 4 | K9: 3 | L9: 3 | M9: 3 | N9: =AVERAGE(B9:M9) -> 3.1666667 | O9: {=_xlfn.SWITCH(TRUE, N9<=$Q$8, "Low", N9>=$Q$9, "High", "Moderate")} -> Low | P9: =_xlfn.SWITCH(TRUE, N9<=$Q$10, "Low", "High") -> Low | Q9: =_xlfn.PERCENTILE.EXC($N$4:$N$108,R9) -> 4.0833333 | R9: 0.66666667
A10: 7 | B10: 3 | C10: 3 | D10: 3 | E10: 2 | F10: 4 | G10: 3 | H10: 3 | I10: 2 | J10: 3 | K10: 2 | L10: 3 | M10: 3 | N10: =AVERAGE(B10:M10) -> 2.8333333 | O10: {=_xlfn.SWITCH(TRUE, N10<=$Q$8, "Low", N10>=$Q$9, "High", "Moderate")} -> Low | P10: =_xlfn.SWITCH(TRUE, N10<=$Q$10, "Low", "High") -> Low | Q10: =_xlfn.PERCENTILE.EXC($N$4:$N$108,R10) -> 3.8333333 | R10: 0.5
A11: 8 | B11: 4 | C11: 4 | D11: 4 | E11: 4 | F11: 5 | G11: 2 | H11: 4 | I11: 3 | J11: 4 | K11: 3 | L11: 5 | M11: 4 | N11: =AVERAGE(B11:M11) -> 3.8333333 | O11: {=_xlfn.SWITCH(TRUE, N11<=$Q$8, "Low", N11>=$Q$9, "High", "Moderate")} -> Moderate | P11: =_xlfn.SWITCH(TRUE, N11<=$Q$10, "Low", "High") -> Low
A12: 9 | B12: 5 | C12: 5 | D12: 5 | E12: 5 | F12: 5 | G12: 1 | H12: 5 | I12: 4 | J12: 5 | K12: 5 | L12: 1 | M12: 1 | N12: =AVERAGE(B12:M12) -> 3.9166667 | O12: {=_xlfn.SWITCH(TRUE, N12<=$Q$8, "Low", N12>=$Q$9, "High", "Moderate")} -> Moderate | P12: =_xlfn.SWITCH(TRUE, N12<=$Q$10, "Low", "High") -> High
A13: 10 | B13: 5 | C13: 4 | D13: 4 | E13: 3 | F13: 5 | G13: 4 | H13: 3 | I13: 4 | J13: 2 | K13: 4 | L13: 3 | M13: 3 | N13: =AVERAGE(B13:M13) -> 3.6666667 | O13: {=_xlfn.SWITCH(TRUE, N13<=$Q$8, "Low", N13>=$Q$9, "High", "Moderate")} -> Moderate | P13: =_xlfn.SWITCH(TRUE, N13<=$Q$10, "Low", "High") -> Low
A14: 11 | B14: 5 | C14: 5 | D14: 4 | E14: 4 | F14: 5 | G14: 2 | H14: 4 | I14: 4 | J14: 4 | K14: 3 | L14: 3 | M14: 5 | N14: =AVERAGE(B14:M14) -> 4 | O14: {=_xlfn.SWITCH(TRUE, N14<=$Q$8, "Low", N14>=$Q$9, "High", "Moderate")} -> Moderate | P14: =_xlfn.SWITCH(TRUE, N14<=$Q$10, "Low", "High") -> High
A15: 12 | B15: 4 | C15: 4 | D15: 4 | E15: 3 | F15: 5 | G15: 2 | H15: 4 | I15: 4 | J15: 4 | K15: 3 | L15: 4 | M15: 4 | N15: =AVERAGE(B15:M15) -> 3.75 | O15: {=_xlfn.SWITCH(TRUE, N15<=$Q$8, "Low", N15>=$Q$9, "High", "Moderate")} -> Moderate | P15: =_xlfn.SWITCH(TRUE, N15<=$Q$10, "Low", "High") -> Low
A16: 13 | B16: 5 | C16: 4 | D16: 4 | E16: 4 | F16: 5 | G16: 2 | H16: 4 | I16: 3 | J16: 5 | K16: 4 | L16: 4 | M16: 5 | N16: =AVERAGE(B16:M16) -> 4.0833333 | O16: {=_xlfn.SWITCH(TRUE, N16<=$Q$8, "Low", N16>=$Q$9, "High", "Moderate")} -> High | P16: =_xlfn.SWITCH(TRUE, N16<=$Q$10, "Low", "High") -> High
A17: 14 | B17: 4 | C17: 4 | D17: 5 | E17: 5 | F17: 4 | G17: 2 | H17: 4 | I17: 3 | J17: 4 | K17: 5 | L17: 3 | M17: 4 | N17: =AVERAGE(B17:M17) -> 3.9166667 | O17: {=_xlfn.SWITCH(TRUE, N17<=$Q$8, "Low", N17>=$Q$9, "High", "Moderate")} -> Moderate | P17: =_xlfn.SWITCH(TRUE, N17<=$Q$10, "Low", "High") -> High
A18: 15 | B18: 5 | C18: 5 | D18: 3 | E18: 3 | F18: 5 | G18: 3 | H18: 3 | I18: 4 | J18: 5 | K18: 3 | L18: 5 | M18: 4 | N18: =AVERAGE(B18:M18) -> 4 | O18: {=_xlfn.SWITCH(TRUE, N18<=$Q$8, "Low", N18>=$Q$9, "High", "Moderate")} -> Moderate | P18: =_xlfn.SWITCH(TRUE, N18<=$Q$10, "Low", "High") -> High
A19: 16 | B19: 3 | C19: 4 | D19: 3 | E19: 1 | F19: 4 | G19: 4 | H19: 3 | I19: 3 | J19: 3 | K19: 4 | L19: 2 | M19: 1 | N19: =AVERAGE(B19:M19) -> 2.9166667 | O19: {=_xlfn.SWITCH(TRUE, N19<=$Q$8, "Low", N19>=$Q$9, "High", "Moderate")} -> Low | P19: =_xlfn.SWITCH(TRUE, N19<=$Q$10, "Low", "High") -> Low
A20: 17 | B20: 4 | C20: 4 | D20: 4 | E20: 4 | F20: 5 | G20: 2 | H20: 4 | I20: 4 | J20: 3 | K20: 4 | L20: 4 | M20: 4 | N20: =AVERAGE(B20:M20) -> 3.8333333 | O20: {=_xlfn.SWITCH(TRUE, N20<=$Q$8, "Low", N20>=$Q$9, "High", "Moderate")} -> Moderate | P20: =_xlfn.SWITCH(TRUE, N20<=$Q$10, "Low", "High") -> Low
A21: 18 | B21: 4 | C21: 3 | D21: 4 | E21: 3 | F21: 5 | G21: 3 | H21: 4 | I21: 4 | J21: 4 | K21: 4 | L21: 3 | M21: 5 | N21: =AVERAGE(B21:M21) -> 3.8333333 | O21: {=_xlfn.SWITCH(TRUE, N21<=$Q$8, "Low", N21>=$Q$9, "High", "Moderate")} -> Moderate | P21: =_xlfn.SWITCH(TRUE, N21<=$Q$10, "Low", "High") -> Low
A22: 19 | B22: 3 | C22: 5 | D22: 4 | E22: 3 | F22: 5 | G22: 1 | H22: 5 | I22: 5 | J22: 2 | K22: 5 | L22: 4 | M22: 1 | N22: =AVERAGE(B22:M22) -> 3.5833333 | O22: {=_xlfn.SWITCH(TRUE, N22<=$Q$8, "Low", N22>=$Q$9, "High", "Moderate")} -> Low | P22: =_xlfn.SWITCH(TRUE, N22<=$Q$10, "Low", "High") -> Low
... A108: 105 | B108: 5 | C108: 3 | D108: 5 | E108: 5 | F108: 5 | G108: 2 | H108: 5 | I108: 5 | J108: 5 | K108: 5 | L108: 1 | M108: 5 | N108: =AVERAGE(B108:M108) -> 4.25 | O108: {=_xlfn.SWITCH(TRUE, N108<=$Q$8, "Low", N108>=$Q$9, "High", "Moderate")} -> High | P108: =_xlfn.SWITCH(TRUE, N108<=$Q$10, "Low", "High") -> High
A109: 106 | B109: 5 | C109: 5 | D109: 5 | E109: 5 | F109: 5 | G109: 1 | H109: 4 | I109: 2 | J109: 4 | K109: 4 | L109: 5 | M109: 5
A110: 107 | B110: 5 | C110: 4 | D110: 4 | E110: 5 | F110: 3 | G110: 2 | H110: 4 | I110: 4 | J110: 4 | K110: 4 | L110: 3 | M110: 4
A111: 108 | B111: 4 | C111: 4 | D111: 4 | E111: 3 | F111: 5 | G111: 3 | H111: 4 | I111: 4 | J111: 3 | K111: 5 | L111: 5 | M111: 4
A112: 109 | B112: 4 | C112: 2 | D112: 2 | E112: 5 | F112: 5 | G112: 1 | H112: 4 | I112: 2 | J112: 3 | K112: 3 | L112: 1 | M112: 4
A113: 110 | B113: 4 | C113: 4 | D113: 3 | E113: 3 | F113: 5 | G113: 1 | H113: 4 | I113: 3 | J113: 4 | K113: 4 | L113: 4 | M113: 5
A114: 111 | B114: 5 | C114: 4 | D114: 5 | E114: 5 | F114: 5 | G114: 2 | H114: 5 | I114: 5 | J114: 4 | K114: 5 | L114: 2 | M114: 5
A115: 112 | B115: 5 | C115: 2 | D115: 3 | E115: 1 | F115: 5 | G115: 2 | H115: 1 | I115: 4 | J115: 1 | K115: 5 | L115: 5 | M115: 2
A116: 113 | B116: 5 | C116: 5 | D116: 5 | E116: 3 | F116: 5 | G116: 1 | H116: 4 | I116: 5 | J116: 4 | K116: 4 | L116: 5 | M116: 4
A117: 114 | B117: 4 | C117: 4 | D117: 5 | E117: 5 | F117: 5 | G117: 2 | H117: 5 | I117: 4 | J117: 5 | K117: 4 | L117: 3 | M117: 5
A118: 115 | B118: 4 | C118: 4 | D118: 3 | E118: 2 | F118: 5 | G118: 2 | H118: 4 | I118: 5 | J118: 3 | K118: 4 | L118: 2 | M118: 3
A119: 116 | B119: 4 | C119: 5 | D119: 3 | E119: 2 | F119: 4 | G119: 1 | H119: 4 | I119: 1 | J119: 4 | K119: 3 | L119: 5 | M119: 2
A120: 117 | B120: 3 | C120: 2 | D120: 4 | E120: 2 | F120: 5 | G120: 3 | H120: 3 | I120: 3 | J120: 1 | K120: 3 | L120: 4 | M120: 2
... A136: 133 | B136: 5 | C136: 2 | D136: 5 | E136: 5 | F136: 4 | G136: 2 | H136: 4 | I136: 4 | J136: 3 | K136: 4 | L136: 5 | M136: 3

Sheet n
B1: 3 | C1: 8 | D1: 14 | E1: 16 | F1: 19 | G1: 20 | H1: 24 | I1: 25 | J1: 31 | K1: 36 | L1: 41 | M1: 46
B2: N | C2: N | D2: N | E2: N | F2: N | G2: N (Low) | H2: N | I2: N (Low) | J2: N | K2: N | L2: N | M2: N
A3: # | B3: My moods change easily. | C3: I often feel blue. | D3: I often feel anxious about what could go wrong. | E3: I often worry that I am not good enough. | F3: There are many things that I do not like about myself. | G3: I seldom feel blue. | H3: I am often troubled by negative thoughts. | I3: I feel comfortable with myself. | J3: Tense | K3: Nervous | L3: Moody | M3: Pessimistic | N3: avg | O3: 3 classes true labels | P3: 2 classes true labels
A4: 1 | B4: 5 | C4: 3 | D4: 5 | E4: 3 | F4: 3 | G4: 1 | H4: 4 | I4: 2 | J4: 5 | K4: 5 | L4: 4 | M4: 3 | N4: =AVERAGE(B4:M4) -> 3.5833333 | O4: {=_xlfn.SWITCH(TRUE, M4<$R$9, "Low", M4>$R$10, "High", "Moderate")} -> Moderate | P4: {=_xlfn.SWITCH(TRUE, M4<$R$11, "Low", "High")} -> High
A5: 2 | B5: 5 | C5: 4 | D5: 4 | E5: 5 | F5: 4 | G5: 1 | H5: 4 | I5: 4 | J5: 4 | K5: 3 | L5: 4 | M5: 2 | N5: =AVERAGE(B5:M5) -> 3.6666667 | O5: {=_xlfn.SWITCH(TRUE, M5<$R$9, "Low", M5>$R$10, "High", "Moderate")} -> Moderate | P5: {=_xlfn.SWITCH(TRUE, M5<$R$11, "Low", "High")} -> High
A6: 3 | B6: 2 | C6: 5 | D6: 5 | E6: 5 | F6: 5 | G6: 1 | H6: 5 | I6: 5 | J6: 5 | K6: 5 | L6: 2 | M6: 2 | N6: =AVERAGE(B6:M6) -> 3.9166667 | O6: {=_xlfn.SWITCH(TRUE, M6<$R$9, "Low", M6>$R$10, "High", "Moderate")} -> Moderate | P6: {=_xlfn.SWITCH(TRUE, M6<$R$11, "Low", "High")} -> High
A7: 4 | B7: 4 | C7: 3 | D7: 5 | E7: 4 | F7: 5 | G7: 3 | H7: 4 | I7: 3 | J7: 4 | K7: 4 | L7: 3 | M7: 1 | N7: =AVERAGE(B7:M7) -> 3.5833333 | O7: {=_xlfn.SWITCH(TRUE, M7<$R$9, "Low", M7>$R$10, "High", "Moderate")} -> Low | P7: {=_xlfn.SWITCH(TRUE, M7<$R$11, "Low", "High")} -> Low
A8: 5 | B8: 4 | C8: 4 | D8: 4 | E8: 5 | F8: 4 | G8: 1 | H8: 4 | I8: 3 | J8: 5 | K8: 5 | L8: 4 | M8: 3 | N8: =AVERAGE(B8:M8) -> 3.8333333 | O8: {=_xlfn.SWITCH(TRUE, M8<$R$9, "Low", M8>$R$10, "High", "Moderate")} -> Moderate | P8: {=_xlfn.SWITCH(TRUE, M8<$R$11, "Low", "High")} -> High | R8: אחוזונים
A9: 6 | B9: 2 | C9: 2 | D9: 2 | E9: 3 | F9: 4 | G9: 4 | H9: 3 | I9: 3 | J9: 2 | K9: 3 | L9: 1 | M9: 1 | N9: =AVERAGE(B9:M9) -> 2.5 | O9: {=_xlfn.SWITCH(TRUE, M9<$R$9, "Low", M9>$R$10, "High", "Moderate")} -> Low | P9: {=_xlfn.SWITCH(TRUE, M9<$R$11, "Low", "High")} -> Low | R9: =_xlfn.PERCENTILE.EXC($M$4:$M$108,S9) -> 2 | S9: 0.33333333
A10: 7 | B10: 4 | C10: 3 | D10: 4 | E10: 3 | F10: 3 | G10: 3 | H10: 2 | I10: 3 | J10: 3 | K10: 3 | L10: 3 | M10: 2 | N10: =AVERAGE(B10:M10) -> 3 | O10: {=_xlfn.SWITCH(TRUE, M10<$R$9, "Low", M10>$R$10, "High", "Moderate")} -> Moderate | P10: {=_xlfn.SWITCH(TRUE, M10<$R$11, "Low", "High")} -> High | R10: =_xlfn.PERCENTILE.EXC($M$4:$M$108,S10) -> 3 | S10: 0.66666667
A11: 8 | B11: 4 | C11: 4 | D11: 5 | E11: 5 | F11: 5 | G11: 2 | H11: 5 | I11: 4 | J11: 4 | K11: 4 | L11: 3 | M11: 3 | N11: =AVERAGE(B11:M11) -> 4 | O11: {=_xlfn.SWITCH(TRUE, M11<$R$9, "Low", M11>$R$10, "High", "Moderate")} -> Moderate | P11: {=_xlfn.SWITCH(TRUE, M11<$R$11, "Low", "High")} -> High | R11: =_xlfn.PERCENTILE.EXC($M$4:$M$108,S11) -> 2 | S11: 0.5
A12: 9 | B12: 4 | C12: 1 | D12: 5 | E12: 1 | F12: 1 | G12: 1 | H12: 1 | I12: 2 | J12: 5 | K12: 1 | L12: 1 | M12: 1 | N12: =AVERAGE(B12:M12) -> 2 | O12: {=_xlfn.SWITCH(TRUE, M12<$R$9, "Low", M12>$R$10, "High", "Moderate")} -> Low | P12: {=_xlfn.SWITCH(TRUE, M12<$R$11, "Low", "High")} -> Low
A13: 10 | B13: 4 | C13: 4 | D13: 3 | E13: 4 | F13: 2 | G13: 2 | H13: 2 | I13: 3 | J13: 2 | K13: 2 | L13: 2 | M13: 2 | N13: =AVERAGE(B13:M13) -> 2.6666667 | O13: {=_xlfn.SWITCH(TRUE, M13<$R$9, "Low", M13>$R$10, "High", "Moderate")} -> Moderate | P13: {=_xlfn.SWITCH(TRUE, M13<$R$11, "Low", "High")} -> High
A14: 11 | B14: 3 | C14: 2 | D14: 2 | E14: 4 | F14: 4 | G14: 4 | H14: 2 | I14: 2 | J14: 2 | K14: 1 | L14: 1 | M14: 2 | N14: =AVERAGE(B14:M14) -> 2.4166667 | O14: {=_xlfn.SWITCH(TRUE, M14<$R$9, "Low", M14>$R$10, "High", "Moderate")} -> Moderate | P14: {=_xlfn.SWITCH(TRUE, M14<$R$11, "Low", "High")} -> High
A15: 12 | B15: 2 | C15: 3 | D15: 3 | E15: 3 | F15: 3 | G15: 2 | H15: 3 | I15: 3 | J15: 3 | K15: 3 | L15: 2 | M15: 3 | N15: =AVERAGE(B15:M15) -> 2.75 | O15: {=_xlfn.SWITCH(TRUE, M15<$R$9, "Low", M15>$R$10, "High", "Moderate")} -> Moderate | P15: {=_xlfn.SWITCH(TRUE, M15<$R$11, "Low", "High")} -> High
A16: 13 | B16: 2 | C16: 1 | D16: 3 | E16: 4 | F16: 4 | G16: 2 | H16: 3 | I16: 3 | J16: 2 | K16: 2 | L16: 1 | M16: 3 | N16: =AVERAGE(B16:M16) -> 2.5 | O16: {=_xlfn.SWITCH(TRUE, M16<$R$9, "Low", M16>$R$10, "High", "Moderate")} -> Moderate | P16: {=_xlfn.SWITCH(TRUE, M16<$R$11, "Low", "High")} -> High
A17: 14 | B17: 4 | C17: 2 | D17: 4 | E17: 2 | F17: 1 | G17: 1 | H17: 1 | I17: 2 | J17: 4 | K17: 2 | L17: 3 | M17: 1 | N17: =AVERAGE(B17:M17) -> 2.25 | O17: {=_xlfn.SWITCH(TRUE, M17<$R$9, "Low", M17>$R$10, "High", "Moderate")} -> Low | P17: {=_xlfn.SWITCH(TRUE, M17<$R$11, "Low", "High")} -> Low
A18: 15 | B18: 3 | C18: 3 | D18: 5 | E18: 2 | F18: 4 | G18: 3 | H18: 3 | I18: 3 | J18: 4 | K18: 4 | L18: 3 | M18: 4 | N18: =AVERAGE(B18:M18) -> 3.4166667 | O18: {=_xlfn.SWITCH(TRUE, M18<$R$9, "Low", M18>$R$10, "High", "Moderate")} -> High | P18: {=_xlfn.SWITCH(TRUE, M18<$R$11, "Low", "High")} -> High
A19: 16 | B19: 5 | C19: 4 | D19: 5 | E19: 4 | F19: 3 | G19: 1 | H19: 5 | I19: 2 | J19: 3 | K19: 3 | L19: 3 | M19: 5 | N19: =AVERAGE(B19:M19) -> 3.5833333 | O19: {=_xlfn.SWITCH(TRUE, M19<$R$9, "Low", M19>$R$10, "High", "Moderate")} -> High | P19: {=_xlfn.SWITCH(TRUE, M19<$R$11, "Low", "High")} -> High
A20: 17 | B20: 2 | C20: 2 | D20: 2 | E20: 3 | F20: 2 | G20: 4 | H20: 2 | I20: 3 | J20: 2 | K20: 3 | L20: 2 | M20: 2 | N20: =AVERAGE(B20:M20) -> 2.4166667 | O20: {=_xlfn.SWITCH(TRUE, M20<$R$9, "Low", M20>$R$10, "High", "Moderate")} -> Moderate | P20: {=_xlfn.SWITCH(TRUE, M20<$R$11, "Low", "High")} -> High
A21: 18 | B21: 5 | C21: 1 | D21: 4 | E21: 3 | F21: 1 | G21: 5 | H21: 1 | I21: 1 | J21: 4 | K21: 1 | L21: 1 | M21: 1 | N21: =AVERAGE(B21:M21) -> 2.3333333 | O21: {=_xlfn.SWITCH(TRUE, M21<$R$9, "Low", M21>$R$10, "High", "Moderate")} -> Low | P21: {=_xlfn.SWITCH(TRUE, M21<$R$11, "Low", "High")} -> Low
A22: 19 | B22: 4 | C22: 4 | D22: 5 | E22: 3 | F22: 4 | G22: 2 | H22: 5 | I22: 1 | J22: 4 | K22: 3 | L22: 3 | M22: 3 | N22: =AVERAGE(B22:M22) -> 3.4166667 | O22: {=_xlfn.SWITCH(TRUE, M22<$R$9, "Low", M22>$R$10, "High", "Moderate")} -> Moderate | P22: {=_xlfn.SWITCH(TRUE, M22<$R$11, "Low", "High")} -> High
A23: 20 | B23: 5 | C23: 4 | D23: 4 | E23: 5 | F23: 5 | G23: 1 | H23: 5 | I23: 5 | J23: 5 | K23: 5 | L23: 5 | M23: 3 | N23: =AVERAGE(B23:M23) -> 4.3333333 | O23: {=_xlfn.SWITCH(TRUE, M23<$R$9, "Low", M23>$R$10, "High", "Moderate")} -> Moderate | P23: {=_xlfn.SWITCH(TRUE, M23<$R$11, "Low", "High")} -> High
... A108: 105 | B108: 1 | C108: 1 | D108: 5 | E108: 1 | F108: 1 | G108: 1 | H108: 4 | I108: 2 | J108: 2 | K108: 1 | L108: 1 | M108: 1 | N108: =AVERAGE(B108:M108) -> 1.75 | O108: {=_xlfn.SWITCH(TRUE, M108<$R$9, "Low", M108>$R$10, "High", "Moderate")} -> Low | P108: {=_xlfn.SWITCH(TRUE, M108<$R$11, "Low", "High")} -> Low
A109: 106 | B109: 3 | C109: 1 | D109: 3 | E109: 4 | F109: 3 | G109: 5 | H109: 1 | I109: 2 | J109: 1 | K109: 4 | L109: 3 | M109: 2
A110: 107 | B110: 4 | C110: 2 | D110: 4 | E110: 2 | F110: 2 | G110: 4 | H110: 3 | I110: 2 | J110: 3 | K110: 3 | L110: 4 | M110: 2
A111: 108 | B111: 3 | C111: 2 | D111: 3 | E111: 1 | F111: 1 | G111: 5 | H111: 2 | I111: 1 | J111: 2 | K111: 2 | L111: 2 | M111: 2
A112: 109 | B112: 5 | C112: 4 | D112: 4 | E112: 5 | F112: 4 | G112: 1 | H112: 5 | I112: 2 | J112: 5 | K112: 4 | L112: 4 | M112: 4
A113: 110 | B113: 2 | C113: 1 | D113: 2 | E113: 1 | F113: 2 | G113: 4 | H113: 1 | I113: 2 | J113: 1 | K113: 1 | L113: 1 | M113: 2
A114: 111 | B114: 2 | C114: 1 | D114: 2 | E114: 1 | F114: 1 | G114: 4 | H114: 1 | I114: 1 | J114: 1 | K114: 1 | L114: 1 | M114: 1
A115: 112 | B115: 1 | C115: 1 | D115: 1 | E115: 1 | F115: 1 | G115: 5 | H115: 1 | I115: 1 | J115: 1 | K115: 1 | L115: 1 | M115: 1
A116: 113 | B116: 3 | C116: 2 | D116: 3 | E116: 4 | F116: 2 | G116: 3 | H116: 2 | I116: 2 | J116: 2 | K116: 1 | L116: 2 | M116: 2
A117: 114 | B117: 4 | C117: 3 | D117: 2 | E117: 2 | F117: 2 | G117: 3 | H117: 1 | I117: 2 | J117: 1 | K117: 1 | L117: 2 | M117: 1
A118: 115 | B118: 1 | C118: 1 | D118: 2 | E118: 1 | F118: 1 | G118: 4 | H118: 1 | I118: 1 | J118: 1 | K118: 2 | L118: 1 | M118: 2
A119: 116 | B119: 4 | C119: 2 | D119: 2 | E119: 1 | F119: 1 | G119: 4 | H119: 1 | I119: 1 | J119: 1 | K119: 1 | L119: 4 | M119: 3
A120: 117 | B120: 3 | C120: 1 | D120: 4 | E120: 1 | F120: 2 | G120: 2 | H120: 2 | I120: 2 | J120: 3 | K120: 3 | L120: 2 | M120: 3
... A136: 133 | B136: 2 | C136: 1 | D136: 2 | E136: 1 | F136: 1 | G136: 1 | H136: 1 | I136: 1 | J136: 1 | K136: 1 | L136: 1 | M136: 1

Sheet summary_true_labels_3_classes
A1: p | B1: post1 | C1: post2 | D1: o by percentiles | E1: o by fixed ranges | F1: e by percentiles | G1: e by fixed ranges | H1: USE FOR
A2: 1 | B2: Hey guys!!! guess who we have here today??? My childhood friends came over. Oh my God, i have really missed them, i saw them last about 8 years ago but we've always been in communication. I'm so happy to see them and i can't wait to update you guys on the plans we have to catch up. Stay tuned! | C2: Happy birthday to the love of my life. I can't imagine what my life could have been without you, you brought colors into my life. On this big day of yours, i wish you heavens choicest blessings and i pray all your hear desires are granted. I love you so much and i hope i make you happy as much as you make me | D2: High | E2: High | F2: Low | G2: Moderate | H2: rule generation
A3: 2 | B3: Wow. Having a great time catching up with old childhood friends after over 50 years! We haven't changed a bit 😉😂. Other than having several marriages, 18 children and 7 grandchildren between us. Life has definitely been a journey and pretty good to all of us 🥰. Lets not leave it another 50 years to catch up ❤❤ | C3: Happy Birthday to this amazing man who I'm so proud to call my husband and father of my chidren. Hope you have an absolutely brilliant day and so glad i get to share it with you. You're definitely like a fine wine and get better and better with each passing year. All my love forever and always ❤ | D3: High | E3: High | F3: Moderate | G3: Moderate | H3: rule generation
A4: 3 | B4: An unforgettable day with childhood friends! A magical day reminicising together and catching up after so long. Doesn’t matter how long it’s been we all slot back together like no time has passed at all. Watching our kids play together and seeing the cycles of life begin all over again is so emotional. Love you all xx #westhillgang #pyegreenmassive #childhood #friends | C4: Happy Birthday to my best friend, the best husband and dad in the world! I’ve celebrated 13 of your birthdays with you and every day in between and for all the chats and hugs, the love, the tough times, it is never ever enough. I look forward to seeing you every morning, I can’t wait to see you after work every day. The love of my life, I am so in love with you. Happy Birthday, my love xxx | D4: Moderate | E4: High | F4: Low | G4: Low | H4: rule generation
A5: 4 | B5: time flies by, I cant believe its been so long since we all met, had so much fun seeing you all again and catching up. I remember when we used to go out on our bikes for hours now we all have our own house's. its crazy. we should make this an annual thing every year. none of you have changed! | C5: Happpy Birthdayyyy. I hope your day is filled with all the things you love and your favorite people. This last year has been amazing and i cant wait to celebrate every birthday with you, even when we are old we'll still have each others company. Love you and cant wait to celebrate this day with you. | D5: Moderate | E5: High | F5: Low | G5: Moderate | H5: rule generation
A6: 5 | B6: Day 1s! We finally met up after so long - It was so lovely to catch up with all of you. It has been way too long since we last saw each other, and it really good to hear that you're all doing well. So much has changed since we used to see each other daily, but somehow it feels like no time has passed when we got back togehter Let me know when you're all back in town - we can hang out again. | C6: Happy birthday!! I hope you had an amazing day with friends and family - and thank you for letting me share it with you. I'm so proud of all you've achieved this past year. It has been full of many great times and I'm sure the next year will be full of lots of new opportunities. I look forward to spending the next year with you See you later today! | D6: High | E6: High | F6: Moderate | G6: Moderate | H6: rule generation
A7: 6 | B7: went to a great birthday party today at the drummond park animal experience centre with ash, jen, jodie jake, alex and all the rest of the crew. loved watching the monkeys antics. the lion cubs were so cute. alex ate too much cake and looked alittle green jake punched him in the stomach to sicee if he could make him sick .. | C7: wow! another landmark birthday. we are all so looking forward to your birthday bash at Fisher's restaurant. can't believe you've come this far despite all the hoops you've had to jump through in the past few years, what an achievement well done you. I know you said no presents but well suspect there may still be one or two surprises | D7: Moderate | E7: High | F7: Low | G7: Moderate | H7: rule generation
A8: 7 | B8: We spent the evening around my house, me and my 4 friends. We love spending time together and chilling out. Once they came here we spent the evening wining and dining. I must stay i think i out done myself with the cooking autumn soup with homemade bread for starters, steak and sides for main and sticky toffee pudding for dessert. Alongside we drank many bottes of wine and had many shots. Feeling it today haha! | C8: Happy birthday, hope you have the best day ever XX I cherish all our memories together and enjoyed our 6 year relationship every day is a blessing spending it with you. Love you forever and always xx Your the most and gentle person ever and make me the happiest girl alive. The love you give me is the best | D8: Low | E8: Moderate | F8: Moderate | G8: Moderate | H8: rule generation
A9: 8 | B9: Lovely to catch up with some old friends and reminisce on childhood memories! It's crazy to see how much everybody has grown and achieved in life and where their paths have taken them. I love days like these, hope to catch up with you all again sometime soon and make more brilliant memories ❤️ | C9: To the love of my life, I hope you have the best day and make the best memories! Thank you for making the world a happier place and staying by my side. I'd be lost without you, don't ever change! I love you with all of my heart, always ❤️ happy birthday my love, here is to many more together xxx | D9: Low | E9: Moderate | F9: Low | G9: Low | H9: rule generation
A10: 9 | B10: Had the best time ca tching up with my chilidhood friends last night! It’s amazing how, despite t he years, we fall riight back into those silly jokes and shared memories. From playing games in the backyard to reminis cing about our wild adventures, it was a great reminder of the b onds that shaped us | C10: Happy Birtihday to the love of my life! i’m so grateful for every moment we share together. You bring so mucih joy and laughter into my world. I can’t wait to celebrate you today and make more amazinng memories! Here’s to another year of love, adventure, and all your dreams coming true. You deserve the best! | D10: High | E10: High | F10: High | G10: High | H10: rule generation
A11: 10 | B11: Just got back from a reunion with some friends from back home! These guys always had my back, except when it comes to telling me I'm any good at bowling or mini golf :0 Then again, the drinks probably messed my aim up a litttle bit. Hope to see you guys soon!! Keep it real @xComedyCheesex @Crazygamer05 @7evenup | C11: To this beautiful girl who was a stranger up until 10 months ago, happy birthday my love, I hope that we can spend many more together! P.S. Don't tell anyone I forgot the cake and had to ask you to bake us another one to save myself from the embarassment. Love you lots! Have the best birthday ever &lt;3 | D11: High | E11: High | F11: High | G11: High | H11: rule generation
A12: 11 | B12: Such a great night with this incredible bunch, but I'm feeling it this morning! Everyone needs those friends who know you so well, who'll see you through anything and everything. And no matter how old we get are still up for a good girls night out, even if it now takes us two days to recover! Night at Sixways is always the best, love this place, and Love you all 😘😘 | C12: It's official, he's getting older! Happy birthday to my gorgeous husband, another year old and not any wiser! The kindest, funniest soul I will ever meet, and the most amazing dog Dad you could ever find. Looking forward to spoiling you rotten today - and maybe a few surprises this weekend! Happy birthday favourite human xoxo | D12: High | E12: High | F12: High | G12: High | H12: rule generation
A13: 12 | B13: having a brill time at the reunion, saw lots of faces i've not seen in a longggggg time. we mustn't leave it so long next time. just waiting for the karaoke to begin so i can impress everyone with a bit of Enrique ! I hope everyone doesn't leave the room when I start singing otherwise i'll never dare pick up a microphone ever again. Talking about old times at school was a blast....rekindled many good memories. | C13: Happy Birthday to Khaleesy ! Hope you liked the flowers babe, I'll see you when I get home ....expect the princess treatment !!! love you xxxxx You always say that my messages on here are too short so i'm making an effort to write you a longgggggggggggggggggg one this time hahaha happy birthday to you, happy birthday to you, happy birthday Khaleesy, Happy Birthday too youuuuuuuuuuuuuu....uuuuuuuu xxxxx | D13: Moderate | E13: High | F13: High | G13: High | H13: rule generation
... A134: 133 | B134: This weekend, I reconnected with some old friends who I've known my whole life, since we all went to the same primary school. We enjoyed different food platters that each person bought and ended the night with some hot chocolate to reminisce our Christmas times back in school. see you soon. | C134: Congratulations, I hope the best for the family and i cant wait to see all of you soon. I remember it as only being yesterday when we were in college and now you've already reached 40. We'll have a big dinner and catch up over some coffee but, what flavour cake do you like, i was thinking of making a carrot cake. | D134: High | E134: High | F134: High | G134: High | H134: final test
